git@github.com:AguaClara/aguaclara,9ee3d1d007bc984b73b19520d48954b6d81feecc,aguaclara,tests/core/test_cache.py::test_ac_cache,0.002,pass,0.001,failure
git@github.com:AguaClara/aguaclara_design,9ee3d1d007bc984b73b19520d48954b6d81feecc,aguaclara_design,tests/core/test_cache.py::test_ac_cache,0.002,pass,0.002,failure
git@github.com:AshtonUPS/Py-MI-PS,2d22327c75bac1b58a4804a61e7a703ecc5ba978,Py-MI-PS,src/PyMIPS/tests/register_test.py::test_setting_to_num,0.001,pass,0.002,failure
git@github.com:BastiTee/pype,b0dd086ed180e17b22c6e7b23a730af35ae0d0eb,pype,tests/integration/test_pype_pypes.py::TestCLIPypePypes::test_create_pype,0.003,pass,0.012,failure
git@github.com:BbsonLin/flask-request-logger,26b87d56cf1dffb3f8d6a2ca8c2b1873b9d6a65e,flask-request-logger,tests/test_logging.py::test_logging,0.030,pass,0.002,failure
git@github.com:Burnysc2/python-sc2,78d2ebe5c87aa9abc1e8a505f095ccd5e9dec358,python-sc2,test/test_pickled_data.py::test_bot_ai,0.747,pass,0.002,failure
git@github.com:Burnysc2/python-sc2,78d2ebe5c87aa9abc1e8a505f095ccd5e9dec358,python-sc2,test/test_pickled_ramp.py::TestClass::test_bot_ai[16-Bit LE],0.905,pass,0.880,failure
git@github.com:Burnysc2/python-sc2,78d2ebe5c87aa9abc1e8a505f095ccd5e9dec358,python-sc2,test/test_pickled_ramp.py::TestClass::test_bot_ai[Abiogenesis LE],0.665,pass,0.672,failure
git@github.com:Burnysc2/python-sc2,78d2ebe5c87aa9abc1e8a505f095ccd5e9dec358,python-sc2,test/test_pickled_ramp.py::TestClass::test_bot_ai[Abyssal Reef LE],0.937,pass,0.916,failure
git@github.com:Burnysc2/python-sc2,78d2ebe5c87aa9abc1e8a505f095ccd5e9dec358,python-sc2,test/test_pickled_ramp.py::TestClass::test_bot_ai[Acid Plant LE],0.899,pass,0.882,failure
git@github.com:Burnysc2/python-sc2,78d2ebe5c87aa9abc1e8a505f095ccd5e9dec358,python-sc2,test/test_pickled_ramp.py::TestClass::test_bot_ai[Acolyte LE],0.962,pass,0.945,failure
git@github.com:Burnysc2/python-sc2,78d2ebe5c87aa9abc1e8a505f095ccd5e9dec358,python-sc2,test/test_pickled_ramp.py::TestClass::test_bot_ai[Acropolis LE],0.938,pass,0.950,failure
git@github.com:Burnysc2/python-sc2,78d2ebe5c87aa9abc1e8a505f095ccd5e9dec358,python-sc2,test/test_pickled_ramp.py::TestClass::test_bot_ai[Ascension to Aiur LE],0.887,pass,0.894,failure
git@github.com:Burnysc2/python-sc2,78d2ebe5c87aa9abc1e8a505f095ccd5e9dec358,python-sc2,test/test_pickled_ramp.py::TestClass::test_bot_ai[Automaton LE],0.907,pass,0.927,failure
git@github.com:Burnysc2/python-sc2,78d2ebe5c87aa9abc1e8a505f095ccd5e9dec358,python-sc2,test/test_pickled_ramp.py::TestClass::test_bot_ai[Backwater LE],0.707,pass,0.713,failure
git@github.com:Burnysc2/python-sc2,78d2ebe5c87aa9abc1e8a505f095ccd5e9dec358,python-sc2,test/test_pickled_ramp.py::TestClass::test_bot_ai[Battle on the Boardwalk LE],0.540,pass,0.560,failure
git@github.com:Burnysc2/python-sc2,78d2ebe5c87aa9abc1e8a505f095ccd5e9dec358,python-sc2,test/test_pickled_ramp.py::TestClass::test_bot_ai[Bel'Shir Vestige LE (Void)],0.569,pass,0.561,failure
git@github.com:Burnysc2/python-sc2,78d2ebe5c87aa9abc1e8a505f095ccd5e9dec358,python-sc2,test/test_pickled_ramp.py::TestClass::test_bot_ai[Blackpink LE],0.920,pass,0.972,failure
git@github.com:Burnysc2/python-sc2,78d2ebe5c87aa9abc1e8a505f095ccd5e9dec358,python-sc2,test/test_pickled_ramp.py::TestClass::test_bot_ai[Blueshift LE],0.754,pass,0.760,failure
git@github.com:Burnysc2/python-sc2,78d2ebe5c87aa9abc1e8a505f095ccd5e9dec358,python-sc2,test/test_pickled_ramp.py::TestClass::test_bot_ai[Cactus Valley LE (Void)],0.991,pass,0.998,failure
git@github.com:Burnysc2/python-sc2,78d2ebe5c87aa9abc1e8a505f095ccd5e9dec358,python-sc2,test/test_pickled_ramp.py::TestClass::test_bot_ai[Catalyst LE],0.807,pass,0.796,failure
git@github.com:Burnysc2/python-sc2,78d2ebe5c87aa9abc1e8a505f095ccd5e9dec358,python-sc2,test/test_pickled_ramp.py::TestClass::test_bot_ai[Cerulean Fall LE],1.068,pass,1.057,failure
git@github.com:Burnysc2/python-sc2,78d2ebe5c87aa9abc1e8a505f095ccd5e9dec358,python-sc2,test/test_pickled_ramp.py::TestClass::test_bot_ai[Cyber Forest LE],0.797,pass,0.820,failure
git@github.com:Burnysc2/python-sc2,78d2ebe5c87aa9abc1e8a505f095ccd5e9dec358,python-sc2,test/test_pickled_ramp.py::TestClass::test_bot_ai[Darkness Sanctuary LE],1.008,pass,1.025,failure
git@github.com:Burnysc2/python-sc2,78d2ebe5c87aa9abc1e8a505f095ccd5e9dec358,python-sc2,test/test_pickled_ramp.py::TestClass::test_bot_ai[Deathaura LE],0.794,pass,0.784,failure
git@github.com:Burnysc2/python-sc2,78d2ebe5c87aa9abc1e8a505f095ccd5e9dec358,python-sc2,test/test_pickled_ramp.py::TestClass::test_bot_ai[Defender's Landing LE],0.885,pass,0.875,failure
git@github.com:Burnysc2/python-sc2,78d2ebe5c87aa9abc1e8a505f095ccd5e9dec358,python-sc2,test/test_pickled_ramp.py::TestClass::test_bot_ai[Disco Bloodbath LE],0.956,pass,0.992,failure
git@github.com:Burnysc2/python-sc2,78d2ebe5c87aa9abc1e8a505f095ccd5e9dec358,python-sc2,test/test_pickled_ramp.py::TestClass::test_bot_ai[Dreamcatcher LE],0.698,pass,0.699,failure
git@github.com:Burnysc2/python-sc2,78d2ebe5c87aa9abc1e8a505f095ccd5e9dec358,python-sc2,test/test_pickled_ramp.py::TestClass::test_bot_ai[Eastwatch LE],1.162,pass,1.161,failure
git@github.com:Burnysc2/python-sc2,78d2ebe5c87aa9abc1e8a505f095ccd5e9dec358,python-sc2,test/test_pickled_ramp.py::TestClass::test_bot_ai[Ephemeron LE],0.734,pass,0.744,failure
git@github.com:Burnysc2/python-sc2,78d2ebe5c87aa9abc1e8a505f095ccd5e9dec358,python-sc2,test/test_pickled_ramp.py::TestClass::test_bot_ai[Eternal Empire LE],0.848,pass,0.857,failure
git@github.com:Burnysc2/python-sc2,78d2ebe5c87aa9abc1e8a505f095ccd5e9dec358,python-sc2,test/test_pickled_ramp.py::TestClass::test_bot_ai[Ever Dream LE],0.891,pass,0.913,failure
git@github.com:Burnysc2/python-sc2,78d2ebe5c87aa9abc1e8a505f095ccd5e9dec358,python-sc2,test/test_pickled_ramp.py::TestClass::test_bot_ai[Fracture LE],0.627,pass,0.624,failure
git@github.com:Burnysc2/python-sc2,78d2ebe5c87aa9abc1e8a505f095ccd5e9dec358,python-sc2,test/test_pickled_ramp.py::TestClass::test_bot_ai[Frost LE (Void)],0.927,pass,0.931,failure
git@github.com:Burnysc2/python-sc2,78d2ebe5c87aa9abc1e8a505f095ccd5e9dec358,python-sc2,test/test_pickled_ramp.py::TestClass::test_bot_ai[Golden Wall LE],0.906,pass,0.912,failure
git@github.com:Burnysc2/python-sc2,78d2ebe5c87aa9abc1e8a505f095ccd5e9dec358,python-sc2,test/test_pickled_ramp.py::TestClass::test_bot_ai[Honorgrounds LE],1.686,pass,1.771,failure
git@github.com:Burnysc2/python-sc2,78d2ebe5c87aa9abc1e8a505f095ccd5e9dec358,python-sc2,test/test_pickled_ramp.py::TestClass::test_bot_ai[Ice and Chrome LE],0.992,pass,1.047,failure
git@github.com:Burnysc2/python-sc2,78d2ebe5c87aa9abc1e8a505f095ccd5e9dec358,python-sc2,test/test_pickled_ramp.py::TestClass::test_bot_ai[Interloper LE],0.773,pass,0.782,failure
git@github.com:Burnysc2/python-sc2,78d2ebe5c87aa9abc1e8a505f095ccd5e9dec358,python-sc2,test/test_pickled_ramp.py::TestClass::test_bot_ai[Kairos Junction LE],0.939,pass,0.887,failure
git@github.com:Burnysc2/python-sc2,78d2ebe5c87aa9abc1e8a505f095ccd5e9dec358,python-sc2,test/test_pickled_ramp.py::TestClass::test_bot_ai[King's Cove LE],1.043,pass,1.048,failure
git@github.com:Burnysc2/python-sc2,78d2ebe5c87aa9abc1e8a505f095ccd5e9dec358,python-sc2,test/test_pickled_ramp.py::TestClass::test_bot_ai[Lost and Found LE],0.781,pass,0.789,failure
git@github.com:Burnysc2/python-sc2,78d2ebe5c87aa9abc1e8a505f095ccd5e9dec358,python-sc2,test/test_pickled_ramp.py::TestClass::test_bot_ai[Mech Depot LE],0.896,pass,0.887,failure
git@github.com:Burnysc2/python-sc2,78d2ebe5c87aa9abc1e8a505f095ccd5e9dec358,python-sc2,test/test_pickled_ramp.py::TestClass::test_bot_ai[Neon Violet Square LE],1.000,pass,0.971,failure
git@github.com:Burnysc2/python-sc2,78d2ebe5c87aa9abc1e8a505f095ccd5e9dec358,python-sc2,test/test_pickled_ramp.py::TestClass::test_bot_ai[New Repugnancy LE],0.851,pass,0.857,failure
git@github.com:Burnysc2/python-sc2,78d2ebe5c87aa9abc1e8a505f095ccd5e9dec358,python-sc2,test/test_pickled_ramp.py::TestClass::test_bot_ai[Newkirk Precinct TE (Void)],0.777,pass,0.777,failure
git@github.com:Burnysc2/python-sc2,78d2ebe5c87aa9abc1e8a505f095ccd5e9dec358,python-sc2,test/test_pickled_ramp.py::TestClass::test_bot_ai[Nightshade LE],0.958,pass,0.960,failure
git@github.com:Burnysc2/python-sc2,78d2ebe5c87aa9abc1e8a505f095ccd5e9dec358,python-sc2,test/test_pickled_ramp.py::TestClass::test_bot_ai[Odyssey LE],1.062,pass,1.077,failure
git@github.com:Burnysc2/python-sc2,78d2ebe5c87aa9abc1e8a505f095ccd5e9dec358,python-sc2,test/test_pickled_ramp.py::TestClass::test_bot_ai[Old Sunshine],0.730,pass,0.723,failure
git@github.com:Burnysc2/python-sc2,78d2ebe5c87aa9abc1e8a505f095ccd5e9dec358,python-sc2,test/test_pickled_ramp.py::TestClass::test_bot_ai[Paladino Terminal LE],0.590,pass,0.612,failure
git@github.com:Burnysc2/python-sc2,78d2ebe5c87aa9abc1e8a505f095ccd5e9dec358,python-sc2,test/test_pickled_ramp.py::TestClass::test_bot_ai[Para Site LE],0.874,pass,0.882,failure
git@github.com:Burnysc2/python-sc2,78d2ebe5c87aa9abc1e8a505f095ccd5e9dec358,python-sc2,test/test_pickled_ramp.py::TestClass::test_bot_ai[Pillars of Gold LE],0.766,pass,0.772,failure
git@github.com:Burnysc2/python-sc2,78d2ebe5c87aa9abc1e8a505f095ccd5e9dec358,python-sc2,test/test_pickled_ramp.py::TestClass::test_bot_ai[Port Aleksander LE],0.922,pass,0.916,failure
git@github.com:Burnysc2/python-sc2,78d2ebe5c87aa9abc1e8a505f095ccd5e9dec358,python-sc2,test/test_pickled_ramp.py::TestClass::test_bot_ai[Proxima Station LE],0.986,pass,0.961,failure
git@github.com:Burnysc2/python-sc2,78d2ebe5c87aa9abc1e8a505f095ccd5e9dec358,python-sc2,test/test_pickled_ramp.py::TestClass::test_bot_ai[Redshift LE],0.792,pass,0.817,failure
git@github.com:Burnysc2/python-sc2,78d2ebe5c87aa9abc1e8a505f095ccd5e9dec358,python-sc2,test/test_pickled_ramp.py::TestClass::test_bot_ai[STC - Primus Q-9],0.743,pass,0.765,failure
git@github.com:Burnysc2/python-sc2,78d2ebe5c87aa9abc1e8a505f095ccd5e9dec358,python-sc2,test/test_pickled_ramp.py::TestClass::test_bot_ai[Sanglune],0.905,pass,0.913,failure
git@github.com:Burnysc2/python-sc2,78d2ebe5c87aa9abc1e8a505f095ccd5e9dec358,python-sc2,test/test_pickled_ramp.py::TestClass::test_bot_ai[Sequencer LE],1.077,pass,1.103,failure
git@github.com:Burnysc2/python-sc2,78d2ebe5c87aa9abc1e8a505f095ccd5e9dec358,python-sc2,test/test_pickled_ramp.py::TestClass::test_bot_ai[Simulacrum LE],0.797,pass,0.805,failure
git@github.com:Burnysc2/python-sc2,78d2ebe5c87aa9abc1e8a505f095ccd5e9dec358,python-sc2,test/test_pickled_ramp.py::TestClass::test_bot_ai[Submarine LE],0.614,pass,0.625,failure
git@github.com:Burnysc2/python-sc2,78d2ebe5c87aa9abc1e8a505f095ccd5e9dec358,python-sc2,test/test_pickled_ramp.py::TestClass::test_bot_ai[The Timeless Wild [PLX]],1.003,pass,1.021,failure
git@github.com:Burnysc2/python-sc2,78d2ebe5c87aa9abc1e8a505f095ccd5e9dec358,python-sc2,test/test_pickled_ramp.py::TestClass::test_bot_ai[Thunderbird LE],0.963,pass,0.975,failure
git@github.com:Burnysc2/python-sc2,78d2ebe5c87aa9abc1e8a505f095ccd5e9dec358,python-sc2,test/test_pickled_ramp.py::TestClass::test_bot_ai[Urzagol [PLX]],1.141,pass,1.105,failure
git@github.com:Burnysc2/python-sc2,78d2ebe5c87aa9abc1e8a505f095ccd5e9dec358,python-sc2,test/test_pickled_ramp.py::TestClass::test_bot_ai[Winter's Gate LE],0.769,pass,0.776,failure
git@github.com:Burnysc2/python-sc2,78d2ebe5c87aa9abc1e8a505f095ccd5e9dec358,python-sc2,test/test_pickled_ramp.py::TestClass::test_bot_ai[World of Sleepers LE],0.896,pass,0.928,failure
git@github.com:Burnysc2/python-sc2,78d2ebe5c87aa9abc1e8a505f095ccd5e9dec358,python-sc2,test/test_pickled_ramp.py::TestClass::test_bot_ai[Year Zero LE],0.763,pass,0.785,failure
git@github.com:Burnysc2/python-sc2,78d2ebe5c87aa9abc1e8a505f095ccd5e9dec358,python-sc2,test/test_pickled_ramp.py::TestClass::test_bot_ai[Zen LE],0.864,pass,0.885,failure
git@github.com:Burnysc2/python-sc2,78d2ebe5c87aa9abc1e8a505f095ccd5e9dec358,python-sc2,test/test_pickled_ramp.py::TestClass::test_bot_ai[[TLMC10] Artana],0.743,pass,0.779,failure
git@github.com:Burnysc2/python-sc2,78d2ebe5c87aa9abc1e8a505f095ccd5e9dec358,python-sc2,test/test_pickled_ramp.py::TestClass::test_bot_ai[[TLMC10] Digital Frontier],0.770,pass,0.794,failure
git@github.com:Burnysc2/python-sc2,78d2ebe5c87aa9abc1e8a505f095ccd5e9dec358,python-sc2,test/test_pickled_ramp.py::TestClass::test_bot_ai[[TLMC10] Treachery],1.116,pass,1.141,failure
git@github.com:Burnysc2/python-sc2,78d2ebe5c87aa9abc1e8a505f095ccd5e9dec358,python-sc2,test/test_pickled_ramp.py::TestClass::test_bot_ai[[TLMC11] Crystal Cavern],0.744,pass,0.741,failure
git@github.com:Burnysc2/python-sc2,78d2ebe5c87aa9abc1e8a505f095ccd5e9dec358,python-sc2,test/test_pickled_ramp.py::TestClass::test_bot_ai[[TLMC11] Reminiscence],0.728,pass,0.740,failure
git@github.com:Burnysc2/python-sc2,78d2ebe5c87aa9abc1e8a505f095ccd5e9dec358,python-sc2,test/test_pickled_ramp.py::TestClass::test_bot_ai[[TLMC12] Acropolis],0.935,pass,0.937,failure
git@github.com:Burnysc2/python-sc2,78d2ebe5c87aa9abc1e8a505f095ccd5e9dec358,python-sc2,test/test_pickled_ramp.py::TestClass::test_bot_ai[[TLMC12] Bandwidth],0.939,pass,0.959,failure
git@github.com:Burnysc2/python-sc2,78d2ebe5c87aa9abc1e8a505f095ccd5e9dec358,python-sc2,test/test_pickled_ramp.py::TestClass::test_bot_ai[[TLMC12] Ephemeron],0.754,pass,0.760,failure
git@github.com:Burnysc2/python-sc2,78d2ebe5c87aa9abc1e8a505f095ccd5e9dec358,python-sc2,test/test_pickled_ramp.py::TestClass::test_bot_ai[[TLMC12] Triton],1.008,pass,1.021,failure
git@github.com:ConSou/devtracker,ea892d6d48aa5d4627b429469b59ae3f0ce7f10f,devtracker,devtracker/test_devtracker.py::test_end_time_total,5.007,pass,5.008,failure
git@github.com:ConSou/devtracker,ea892d6d48aa5d4627b429469b59ae3f0ce7f10f,devtracker,devtracker/test_devtracker.py::test_remove,0.001,pass,0.001,failure
git@github.com:DanielSank/observed,d99fb99ff2a470a86efb2763685e8e2c021e799f,observed,observed_test.py::TestBasics::test_discard,0.001,pass,0.002,failure
git@github.com:DevKeh/redisqueue,feac4dfc30837e0ab1a55a8479443ea74b2793f2,redisqueue,tests/test_redisqueue.py::test_mock_queue_connection,0.002,pass,0.001,failure
git@github.com:DevKeh/redisqueue,feac4dfc30837e0ab1a55a8479443ea74b2793f2,redisqueue,tests/test_redisqueue.py::test_mock_queue_unique,0.001,pass,0.001,failure
git@github.com:FoteinosMerg/pymerkle,5318009e04b2ae44e194b8435ef181aa67ab8b9a,pymerkle,tests/tree/test_structure.py::test_1_leaves,0.001,pass,0.003,failure
git@github.com:Geosyntec/wqio,8fcd57cc8b8365208eeee0162438307db0ca0dbb,wqio,wqio/tests/test_features.py::test_location_stats_arrays[True-geomean_conf_interval],0.083,pass,0.082,failure
git@github.com:KristianOellegaard/django-health-check,73e89fc3325a242eea6765e83b6bf568f72b8573,django-health-check,tests/test_views.py::TestMainView::test_warning,0.023,pass,0.005,failure
git@github.com:LeBarbouze/tunacell,837d57e1e6caeddf2e6bcdd2db2986fb456dd605,tunacell,tunacell/tests/test_filters.py::test_unroll,0.001,pass,0.004,failure
git@github.com:MiCHiLU/fanstatic-tools,c075a2195c8138d103b72ef8445ef08f2a865984,fanstatic-tools,fanstatic/test_core.py::test_register_inclusion_renderer,0.001,pass,0.001,failure
git@github.com:Neuraxio/Neuraxle,20c6e5713198345b43bf6899355f1b5cf65eb02c,Neuraxle,testing/test_resumable_pipeline.py::test_should_fit_each_steps[test_case0],0.003,pass,0.003,failure
git@github.com:Neuraxio/Neuraxle,20c6e5713198345b43bf6899355f1b5cf65eb02c,Neuraxle,testing/test_resumable_pipeline.py::test_should_fit_each_steps[test_case10],0.016,pass,0.017,failure
git@github.com:Neuraxio/Neuraxle,20c6e5713198345b43bf6899355f1b5cf65eb02c,Neuraxle,testing/test_resumable_pipeline.py::test_should_fit_each_steps[test_case1],0.003,pass,0.015,failure
git@github.com:Neuraxio/Neuraxle,20c6e5713198345b43bf6899355f1b5cf65eb02c,Neuraxle,testing/test_resumable_pipeline.py::test_should_fit_each_steps[test_case2],0.014,pass,0.013,failure
git@github.com:Neuraxio/Neuraxle,20c6e5713198345b43bf6899355f1b5cf65eb02c,Neuraxle,testing/test_resumable_pipeline.py::test_should_fit_each_steps[test_case5],0.014,pass,0.014,failure
git@github.com:Neuraxio/Neuraxle,20c6e5713198345b43bf6899355f1b5cf65eb02c,Neuraxle,testing/test_resumable_pipeline.py::test_should_fit_each_steps[test_case6],0.025,pass,0.026,failure
git@github.com:Neuraxio/Neuraxle,20c6e5713198345b43bf6899355f1b5cf65eb02c,Neuraxle,testing/test_resumable_pipeline.py::test_should_fit_each_steps[test_case7],0.024,pass,0.026,failure
git@github.com:Neuraxio/Neuraxle,20c6e5713198345b43bf6899355f1b5cf65eb02c,Neuraxle,testing/test_resumable_pipeline.py::test_should_fit_each_steps[test_case8],0.036,pass,0.036,failure
git@github.com:Neuraxio/Neuraxle,20c6e5713198345b43bf6899355f1b5cf65eb02c,Neuraxle,testing/test_resumable_pipeline.py::test_should_fit_transform_each_steps[test_case0],0.003,pass,0.004,failure
git@github.com:Neuraxio/Neuraxle,20c6e5713198345b43bf6899355f1b5cf65eb02c,Neuraxle,testing/test_resumable_pipeline.py::test_should_fit_transform_each_steps[test_case10],0.017,pass,0.016,failure
git@github.com:Neuraxio/Neuraxle,20c6e5713198345b43bf6899355f1b5cf65eb02c,Neuraxle,testing/test_resumable_pipeline.py::test_should_fit_transform_each_steps[test_case1],0.003,pass,0.015,failure
git@github.com:Neuraxio/Neuraxle,20c6e5713198345b43bf6899355f1b5cf65eb02c,Neuraxle,testing/test_resumable_pipeline.py::test_should_fit_transform_each_steps[test_case2],0.014,pass,0.013,failure
git@github.com:Neuraxio/Neuraxle,20c6e5713198345b43bf6899355f1b5cf65eb02c,Neuraxle,testing/test_resumable_pipeline.py::test_should_fit_transform_each_steps[test_case3],0.023,pass,0.023,failure
git@github.com:Neuraxio/Neuraxle,20c6e5713198345b43bf6899355f1b5cf65eb02c,Neuraxle,testing/test_resumable_pipeline.py::test_should_fit_transform_each_steps[test_case5],0.014,pass,0.014,failure
git@github.com:Neuraxio/Neuraxle,20c6e5713198345b43bf6899355f1b5cf65eb02c,Neuraxle,testing/test_resumable_pipeline.py::test_should_fit_transform_each_steps[test_case6],0.026,pass,0.026,failure
git@github.com:Neuraxio/Neuraxle,20c6e5713198345b43bf6899355f1b5cf65eb02c,Neuraxle,testing/test_resumable_pipeline.py::test_should_fit_transform_each_steps[test_case7],0.026,pass,0.024,failure
git@github.com:Neuraxio/Neuraxle,20c6e5713198345b43bf6899355f1b5cf65eb02c,Neuraxle,testing/test_resumable_pipeline.py::test_should_fit_transform_each_steps[test_case8],0.036,pass,0.036,failure
git@github.com:Neuraxio/Neuraxle,20c6e5713198345b43bf6899355f1b5cf65eb02c,Neuraxle,testing/test_resumable_pipeline.py::test_should_fit_transform_each_steps[test_case9],0.031,pass,0.029,failure
git@github.com:Neuraxio/Neuraxle,20c6e5713198345b43bf6899355f1b5cf65eb02c,Neuraxle,testing/test_resumable_pipeline.py::test_should_transform_each_steps[test_case0],0.003,pass,0.003,failure
git@github.com:Neuraxio/Neuraxle,20c6e5713198345b43bf6899355f1b5cf65eb02c,Neuraxle,testing/test_resumable_pipeline.py::test_should_transform_each_steps[test_case10],0.018,pass,0.018,failure
git@github.com:Neuraxio/Neuraxle,20c6e5713198345b43bf6899355f1b5cf65eb02c,Neuraxle,testing/test_resumable_pipeline.py::test_should_transform_each_steps[test_case1],0.003,pass,0.014,failure
git@github.com:Neuraxio/Neuraxle,20c6e5713198345b43bf6899355f1b5cf65eb02c,Neuraxle,testing/test_resumable_pipeline.py::test_should_transform_each_steps[test_case2],0.014,pass,0.014,failure
git@github.com:Neuraxio/Neuraxle,20c6e5713198345b43bf6899355f1b5cf65eb02c,Neuraxle,testing/test_resumable_pipeline.py::test_should_transform_each_steps[test_case3],0.024,pass,0.024,failure
git@github.com:Neuraxio/Neuraxle,20c6e5713198345b43bf6899355f1b5cf65eb02c,Neuraxle,testing/test_resumable_pipeline.py::test_should_transform_each_steps[test_case5],0.013,pass,0.014,failure
git@github.com:Neuraxio/Neuraxle,20c6e5713198345b43bf6899355f1b5cf65eb02c,Neuraxle,testing/test_resumable_pipeline.py::test_should_transform_each_steps[test_case6],0.024,pass,0.027,failure
git@github.com:Neuraxio/Neuraxle,20c6e5713198345b43bf6899355f1b5cf65eb02c,Neuraxle,testing/test_resumable_pipeline.py::test_should_transform_each_steps[test_case7],0.028,pass,0.026,failure
git@github.com:Neuraxio/Neuraxle,20c6e5713198345b43bf6899355f1b5cf65eb02c,Neuraxle,testing/test_resumable_pipeline.py::test_should_transform_each_steps[test_case8],0.037,pass,0.037,failure
git@github.com:Neuraxio/Neuraxle,20c6e5713198345b43bf6899355f1b5cf65eb02c,Neuraxle,testing/test_resumable_pipeline.py::test_should_transform_each_steps[test_case9],0.028,pass,0.028,failure
git@github.com:Osirium/vcdriver,2f311df9a73c82b5837d01bac16a10eb4db955eb,vcdriver,test/unit/test_config.py::test_read,0.017,pass,0.003,failure
git@github.com:PolyJIT/benchbuild,2ab959e84fc9119813c46de1034ffaefc2ee391b,benchbuild,tests/integration/test_cli_slurm.py::test_slurm_command,0.059,pass,0.001,failure
git@github.com:Prodesire/pydu,4a1c2f15f7274d5079fb08b02ab1dbe08c0cefef,pydu,tests/test_iter.py::test_first_last[iterable4],0.001,pass,0.001,failure
git@github.com:Prodesire/pydu,4a1c2f15f7274d5079fb08b02ab1dbe08c0cefef,pydu,tests/test_request.py::test_check_connect,0.506,pass,0.001,failure
git@github.com:Prodesire/pydu,4a1c2f15f7274d5079fb08b02ab1dbe08c0cefef,pydu,tests/test_system.py::TestWhich::test_cmd_path,0.003,pass,0.003,failure
git@github.com:Qordobacode/fitbert,4b0f2f3f47e5a3fea0ee59d65f71c44b830a93d9,fitbert,fitbert/tests.py::test_delemmatizes_lemmas,0.001,pass,0.002,failure
git@github.com:Qordobacode/fitbert,4b0f2f3f47e5a3fea0ee59d65f71c44b830a93d9,fitbert,fitbert/tests.py::test_delemmatizes_non_lemmas,0.001,pass,0.001,failure
git@github.com:Rickecr/PyGraph,e81c3a0f543f5bfcda1a603c6dcecde13d582c57,PyGraph,__tests__/test_simple_graph.py::TestSimpleGraph::test_add_vertex,0.001,pass,0.001,failure
git@github.com:Rickecr/PyGraph,e81c3a0f543f5bfcda1a603c6dcecde13d582c57,PyGraph,__tests__/test_simple_graph.py::TestSimpleGraph::test_delete_vertex,0.001,pass,0.001,failure
git@github.com:Rickecr/PyGraph,e81c3a0f543f5bfcda1a603c6dcecde13d582c57,PyGraph,__tests__/test_simple_graph.py::TestSimpleGraph::test_false_cycle_graph,0.003,pass,0.001,failure
git@github.com:Rickecr/PyGraph,e81c3a0f543f5bfcda1a603c6dcecde13d582c57,PyGraph,__tests__/test_simple_graph.py::TestSimpleGraph::test_false_regular_graph,0.001,pass,0.001,failure
git@github.com:Rickecr/PyGraph,e81c3a0f543f5bfcda1a603c6dcecde13d582c57,PyGraph,__tests__/test_simple_graph.py::TestSimpleGraph::test_is_terminal,0.001,pass,0.001,failure
git@github.com:Rickecr/PyGraph,e81c3a0f543f5bfcda1a603c6dcecde13d582c57,PyGraph,__tests__/test_simple_graph.py::TestSimpleGraph::test_num_vertex,0.001,pass,0.001,failure
git@github.com:Rickecr/PyGraph,e81c3a0f543f5bfcda1a603c6dcecde13d582c57,PyGraph,__tests__/test_simple_graph.py::TestSimpleGraph::test_true_cycle_graph,0.001,pass,0.001,failure
git@github.com:Rickecr/PyGraph,e81c3a0f543f5bfcda1a603c6dcecde13d582c57,PyGraph,__tests__/test_simple_graph.py::TestSimpleGraph::test_true_regular_graph,0.001,pass,0.001,failure
git@github.com:Rickecr/PyGraph,e81c3a0f543f5bfcda1a603c6dcecde13d582c57,PyGraph,__tests__/test_simple_graph.py::TestSimpleGraph::test_vertex_neighbors,0.001,pass,0.001,failure
git@github.com:Robpol86/etaprogress,224e8a248c2bf820bad218763281914ad3983fff,etaprogress,tests/test_progress_progressbar.py::test_defined_hour,0.001,pass,0.002,failure
git@github.com:Robpol86/etaprogress,224e8a248c2bf820bad218763281914ad3983fff,etaprogress,tests/test_progress_progressbarbits.py::test_defined_hour,0.001,pass,0.001,failure
git@github.com:Robpol86/etaprogress,224e8a248c2bf820bad218763281914ad3983fff,etaprogress,tests/test_progress_progressbarbytes.py::test_defined_hour,0.001,pass,0.002,failure
git@github.com:SurrealAI/symphony,747b87eee20d48032b4a554950687d0b1209fd24,symphony,test/test_config.py::TestConfig::test_register,0.001,pass,0.001,failure
git@github.com:SuryaSankar/flask-sqlalchemy-booster,e43980e29a18e725d791b87ce1b677470bbaf22c,flask-sqlalchemy-booster,tests/test_view_boosters/test_todo_list_api/test_api_endpoints.py::test_multi_users_creation,0.012,pass,0.008,failure
git@github.com:SuryaSankar/flask-sqlalchemy-booster,e43980e29a18e725d791b87ce1b677470bbaf22c,flask-sqlalchemy-booster,tests/test_view_boosters/test_todo_list_api/test_api_endpoints.py::test_user_creation,0.052,pass,0.010,failure
git@github.com:SuryaSankar/flask-sqlalchemy-booster,e43980e29a18e725d791b87ce1b677470bbaf22c,flask-sqlalchemy-booster,tests/test_view_boosters/test_todo_list_api/test_relationship_updates.py::test_list_relationship_new_item,0.020,pass,0.012,failure
git@github.com:Teamworksapp/pydbvolve,e18bb8cf98997c52de0cf30a8e106c480ba0bb57,pydbvolve,tests/unittests/test_00_initialization.py::test_11_log_file,0.001,pass,0.002,failure
git@github.com:Teamworksapp/pydbvolve,e18bb8cf98997c52de0cf30a8e106c480ba0bb57,pydbvolve,tests/unittests/test_01_migration_table.py::test_02_check_migration_table_bad_structure,0.007,pass,0.002,failure
git@github.com:Yelp/kafka-utils,bde091515d1dcdd56b9272a3ab01b54742a60253,kafka-utils,tests/kafka_rolling_restart/test_main.py::test_get_broker_list3,0.079,pass,0.110,failure
git@github.com:Yelp/kafka-utils,bde091515d1dcdd56b9272a3ab01b54742a60253,kafka-utils,tests/kafka_rolling_restart/test_main.py::test_wait_for_stable_cluster_success,0.005,pass,0.005,failure
git@github.com:Zabamund/wellpathpy,f29b14a9a1c46e77ea98b141e3cdc43674654ea2,wellpathpy,wellpathpy/test/test_location.py::test_zero,0.003,pass,0.006,failure
git@github.com:abeelen/nikamap,d39c488c89bf5d90fffe3c05580fc13551522ee5,nikamap,nikamap/tests/test_nikamap.py::test_nikamap_write,0.138,pass,0.077,failure
git@github.com:agile4you/bottle-neck.git,ebc670a4b178255473d68e9b4122ba04e38f4810,bottle-neck.git,test/test_routing.py::test_router_register_handler_fn_pass,0.001,pass,0.001,failure
git@github.com:aioworkers/aioworkers-prometheus,91915e094239ae01b3db432dbff5afd34ab36984,aioworkers-prometheus,tests/test_metric.py::test_counter[pyloop],0.228,pass,0.066,error
git@github.com:aioworkers/aioworkers-prometheus,91915e094239ae01b3db432dbff5afd34ab36984,aioworkers-prometheus,tests/test_service.py::test_port[pyloop],0.081,pass,0.067,error
git@github.com:airbrake/pybrake,9bf82941d8bf521055b258cea91596a11e4eb81f,pybrake,pybrake/test_celery_integration.py::test_celery_integration,1.165,pass,0.001,failure
git@github.com:aluttik/kitsune,43824cccf46f433a71b30a7febc0e3500b831067,kitsune,tests/test_kitsune.py::test_kitsune_printer_plain,2.513,pass,2.018,failure
git@github.com:bazaar-projects/docopt-ng,bbed40a2335686d2e14ac0e6c3188374dc4784da,docopt-ng,tests/test_docopt_ng.py::test_docopt_ng_more_magic_global_arguments_and_dot_access,0.016,pass,0.005,failure
git@github.com:benjaminp/six,c0be8815d13df45b6ae471c4c436cce8c192245d,six,test_six.py::test_lazy,0.016,pass,0.002,failure
git@github.com:bpepple/metron-tagger,2be176293218fa101dd84c95c72b8ae646b2731a,metron-tagger,tests/test_taggerlib_filesorter.py::test_sort_comic,0.006,pass,0.003,failure
git@github.com:butla/mountepy,796595f0011cc4a62cd7796dd71c3681008a4731,mountepy,tests/test_http_service.py::test_service_env_from_parent[None-parent_env1-final_env1],0.018,pass,0.019,failure
git@github.com:butla/mountepy,796595f0011cc4a62cd7796dd71c3681008a4731,mountepy,tests/test_http_service.py::test_service_env_from_parent[service_env0-parent_env0-final_env0],0.020,pass,0.022,failure
git@github.com:cahoy/NestedDictionary,881f0ea8af36a60fcd1b9d7a84b1aec4cd7072b2,NestedDictionary,easy_dict/tests/test_01_default.py::test_del,0.001,pass,0.001,failure
git@github.com:chaosmail/python-fs,2567922ced9387e327e65f3244caff3b7af35684,pyfs,fs/tests/test_addpath.py::test_addpath,0.003,pass,0.001,failure
git@github.com:chaosmail/python-fs,2567922ced9387e327e65f3244caff3b7af35684,pyfs,fs/tests/test_mkdir.py::test_mkdir,0.001,pass,0.001,failure
git@github.com:chaosmail/python-fs,2567922ced9387e327e65f3244caff3b7af35684,pyfs,fs/tests/test_mkdir.py::test_mkdir_recursive,0.001,pass,0.001,failure
git@github.com:chaosmail/python-fs,2567922ced9387e327e65f3244caff3b7af35684,pyfs,fs/tests/test_mkdir.py::test_mkdir_recursive_fail,0.001,pass,0.002,failure
git@github.com:chaosmail/python-fs,2567922ced9387e327e65f3244caff3b7af35684,pyfs,fs/tests/test_rename.py::test_rename_directory,0.001,pass,0.002,failure
git@github.com:chaosmail/python-fs,2567922ced9387e327e65f3244caff3b7af35684,pyfs,fs/tests/test_rename.py::test_rename_file,0.001,pass,0.001,failure
git@github.com:chaosmail/python-fs,2567922ced9387e327e65f3244caff3b7af35684,pyfs,fs/tests/test_touch.py::test_touch_on_new_file,0.001,pass,0.001,failure
git@github.com:chie8842/expstock,28b7ece83fa601efd2b6c4b8b7bdd1a3b9ebc1df,expstock,expstock/test_expstock.py::test_append_param,0.009,pass,0.008,failure
git@github.com:codespell-project/codespell,cc51bbbe505cbc23eae32f52deb2cc7c8b33a0eb,codespell,codespell_lib/tests/test_dictionary.py::test_dictionary_looping[/mnt/batch/tasks/workitems/FlaPy/local/hdd/rtp1/codespell/NJEHW/deterministic/tmp/tmpy0cq65zt/codespell_lib/tests/../data/dictionary.txt-in_aspell0],0.251,pass,0.257,failure
git@github.com:codespell-project/codespell,cc51bbbe505cbc23eae32f52deb2cc7c8b33a0eb,codespell,codespell_lib/tests/test_dictionary.py::test_dictionary_looping[/mnt/batch/tasks/workitems/FlaPy/local/hdd/rtp1/codespell/NJEHW/deterministic/tmp/tmpy0cq65zt/codespell_lib/tests/../data/dictionary_code.txt-in_aspell4],0.068,pass,0.002,failure
git@github.com:codespell-project/codespell,cc51bbbe505cbc23eae32f52deb2cc7c8b33a0eb,codespell,codespell_lib/tests/test_dictionary.py::test_dictionary_looping[/mnt/batch/tasks/workitems/FlaPy/local/hdd/rtp1/codespell/NJEHW/deterministic/tmp/tmpy0cq65zt/codespell_lib/tests/../data/dictionary_en-GB_to_en-US.txt-in_aspell6],0.005,pass,0.002,failure
git@github.com:codespell-project/codespell,cc51bbbe505cbc23eae32f52deb2cc7c8b33a0eb,codespell,codespell_lib/tests/test_dictionary.py::test_dictionary_looping[/mnt/batch/tasks/workitems/FlaPy/local/hdd/rtp1/codespell/NJEHW/deterministic/tmp/tmpy0cq65zt/codespell_lib/tests/../data/dictionary_informal.txt-in_aspell2],0.070,pass,0.002,failure
git@github.com:codespell-project/codespell,cc51bbbe505cbc23eae32f52deb2cc7c8b33a0eb,codespell,codespell_lib/tests/test_dictionary.py::test_dictionary_looping[/mnt/batch/tasks/workitems/FlaPy/local/hdd/rtp1/codespell/NJEHW/deterministic/tmp/tmpy0cq65zt/codespell_lib/tests/../data/dictionary_names.txt-in_aspell5],0.072,pass,0.001,failure
git@github.com:codespell-project/codespell,cc51bbbe505cbc23eae32f52deb2cc7c8b33a0eb,codespell,codespell_lib/tests/test_dictionary.py::test_dictionary_looping[/mnt/batch/tasks/workitems/FlaPy/local/hdd/rtp1/codespell/NJEHW/deterministic/tmp/tmpy0cq65zt/codespell_lib/tests/../data/dictionary_rare.txt-in_aspell1],0.003,pass,0.003,failure
git@github.com:codespell-project/codespell,cc51bbbe505cbc23eae32f52deb2cc7c8b33a0eb,codespell,codespell_lib/tests/test_dictionary.py::test_dictionary_looping[/mnt/batch/tasks/workitems/FlaPy/local/hdd/rtp1/codespell/NJEHW/deterministic/tmp/tmpy0cq65zt/codespell_lib/tests/../data/dictionary_usage.txt-in_aspell3],0.001,pass,0.001,failure
git@github.com:crumpstrr33/Utter-More,418cf5f5ef337700bf0897e746eff8bb275e6da6,utter-more,test/test_utter_more.py::test_ibu_aut,0.001,pass,0.004,failure
git@github.com:daknuett/ljson,1d3dc13001d9d2f61bcfbf9d5c5b16d44fb8076e,ljson,test/test_ljson_mem.py::test_unique_check,0.001,pass,0.001,failure
git@github.com:davidhalter/parso,6ae0efa415c9790000dba70f87e6ece20d6a4101,parso,test/test_cache.py::test_permission_error,0.080,pass,0.001,failure
git@github.com:demisto/demisto-sdk,925303e5c54fc3dda985ef19b6d56a956d189f69,demisto-sdk,demisto_sdk/commands/secrets/tests/secrets_test.py::TestSecrets::test_two_files_with_same_name,0.002,pass,0.001,failure
git@github.com:den4uk/jsonextra,e82c2e873b4d9c8105fd4e5ed43e7fae4fe6bc2c,jsonextra,tests/test_jsonextra.py::test_disable_rex,0.001,pass,0.002,failure
git@github.com:dgilland/pydash,4bbadc967b51518e300a1368357bbe71959313ec,pydash,tests/test_arrays.py::test_pop[case0-3-after0],0.001,pass,0.002,failure
git@github.com:dgilland/pydash,4bbadc967b51518e300a1368357bbe71959313ec,pydash,tests/test_arrays.py::test_pop[case1-1-after1],0.001,pass,0.001,failure
git@github.com:dgilland/pydash,4bbadc967b51518e300a1368357bbe71959313ec,pydash,tests/test_arrays.py::test_pop[case2-2-after2],0.001,pass,0.001,failure
git@github.com:dgilland/pydash,4bbadc967b51518e300a1368357bbe71959313ec,pydash,tests/test_arrays.py::test_pull_at[case0-expected0],0.001,pass,0.001,failure
git@github.com:dgilland/pydash,4bbadc967b51518e300a1368357bbe71959313ec,pydash,tests/test_arrays.py::test_pull_at[case1-expected1],0.001,pass,0.001,failure
git@github.com:dgilland/pydash,4bbadc967b51518e300a1368357bbe71959313ec,pydash,tests/test_arrays.py::test_pull_at[case2-expected2],0.001,pass,0.001,failure
git@github.com:dgilland/pydash,4bbadc967b51518e300a1368357bbe71959313ec,pydash,tests/test_arrays.py::test_push[case0-expected0],0.001,pass,0.002,failure
git@github.com:dgilland/pydash,4bbadc967b51518e300a1368357bbe71959313ec,pydash,tests/test_arrays.py::test_push[case1-expected1],0.001,pass,0.002,failure
git@github.com:dgilland/pydash,4bbadc967b51518e300a1368357bbe71959313ec,pydash,tests/test_arrays.py::test_push[case2-expected2],0.001,pass,0.002,failure
git@github.com:dgilland/pydash,4bbadc967b51518e300a1368357bbe71959313ec,pydash,tests/test_arrays.py::test_remove[case0-<lambda>-expected0],0.001,pass,0.002,failure
git@github.com:dgilland/pydash,4bbadc967b51518e300a1368357bbe71959313ec,pydash,tests/test_arrays.py::test_remove[case1-<lambda>-expected1],0.001,pass,0.001,failure
git@github.com:dgilland/pydash,4bbadc967b51518e300a1368357bbe71959313ec,pydash,tests/test_arrays.py::test_shift[case0-1-after0],0.001,pass,0.001,failure
git@github.com:dgilland/pydash,4bbadc967b51518e300a1368357bbe71959313ec,pydash,tests/test_arrays.py::test_splice[case0-expected0-after0],0.001,pass,0.002,failure
git@github.com:dgilland/pydash,4bbadc967b51518e300a1368357bbe71959313ec,pydash,tests/test_arrays.py::test_splice[case1-expected1-after1],0.001,pass,0.001,failure
git@github.com:dgilland/pydash,4bbadc967b51518e300a1368357bbe71959313ec,pydash,tests/test_arrays.py::test_splice[case2-expected2-after2],0.001,pass,0.001,failure
git@github.com:dgilland/pydash,4bbadc967b51518e300a1368357bbe71959313ec,pydash,tests/test_arrays.py::test_splice[case3-expected3-after3],0.001,pass,0.002,failure
git@github.com:dgilland/pydash,4bbadc967b51518e300a1368357bbe71959313ec,pydash,tests/test_arrays.py::test_splice[case4-expected4-after4],0.001,pass,0.002,failure
git@github.com:dgilland/pydash,4bbadc967b51518e300a1368357bbe71959313ec,pydash,tests/test_arrays.py::test_unshift[case0-expected0],0.001,pass,0.002,failure
git@github.com:dgilland/pydash,4bbadc967b51518e300a1368357bbe71959313ec,pydash,tests/test_arrays.py::test_unshift[case1-expected1],0.001,pass,0.001,failure
git@github.com:dgilland/pydash,4bbadc967b51518e300a1368357bbe71959313ec,pydash,tests/test_arrays.py::test_unshift[case2-expected2],0.001,pass,0.002,failure
git@github.com:dgilland/pydash,4bbadc967b51518e300a1368357bbe71959313ec,pydash,tests/test_objects.py::test_clone_deep_with[case1-<lambda>-expected1],0.001,pass,0.002,failure
git@github.com:dgilland/pydash,4bbadc967b51518e300a1368357bbe71959313ec,pydash,tests/test_objects.py::test_for_in[case0-expected0],0.001,pass,0.002,failure
git@github.com:dgilland/pydash,4bbadc967b51518e300a1368357bbe71959313ec,pydash,tests/test_objects.py::test_for_in[case1-expected1],0.001,pass,0.001,failure
git@github.com:dgilland/pydash,4bbadc967b51518e300a1368357bbe71959313ec,pydash,tests/test_objects.py::test_for_in_right[case0-expected0],0.001,pass,0.001,failure
git@github.com:dgilland/pydash,4bbadc967b51518e300a1368357bbe71959313ec,pydash,tests/test_objects.py::test_for_in_right[case1-expected1],0.001,pass,0.001,failure
git@github.com:dgilland/pydash,4bbadc967b51518e300a1368357bbe71959313ec,pydash,tests/test_objects.py::test_map_values_deep[case0-expected0],0.002,pass,0.007,failure
git@github.com:dgilland/pydash,4bbadc967b51518e300a1368357bbe71959313ec,pydash,tests/test_objects.py::test_map_values_deep[case1-expected1],0.002,pass,0.004,failure
git@github.com:dgilland/pydash,4bbadc967b51518e300a1368357bbe71959313ec,pydash,tests/test_objects.py::test_merge_with[case0-expected0],0.001,pass,0.002,failure
git@github.com:dgilland/pydash,4bbadc967b51518e300a1368357bbe71959313ec,pydash,tests/test_objects.py::test_unset[obj0-a.0.b.c-True-new_obj0],0.001,pass,0.002,failure
git@github.com:dgilland/pydash,4bbadc967b51518e300a1368357bbe71959313ec,pydash,tests/test_objects.py::test_unset[obj1-1-True-new_obj1],0.001,pass,0.002,failure
git@github.com:dgilland/pydash,4bbadc967b51518e300a1368357bbe71959313ec,pydash,tests/test_objects.py::test_unset[obj2-1-True-new_obj2],0.001,pass,0.001,failure
git@github.com:dgilland/pydash,4bbadc967b51518e300a1368357bbe71959313ec,pydash,tests/test_objects.py::test_unset[obj3-path3-True-new_obj3],0.001,pass,0.002,failure
git@github.com:dgilland/pydash,4bbadc967b51518e300a1368357bbe71959313ec,pydash,tests/test_utilities.py::test_unique_id[case0-1],0.001,pass,0.001,failure
git@github.com:dmuhs/mythx-cli,f6b3d20d51ca1cfaed3cd45226bd1074388d42b9,mythx-cli,tests/test_path_sanitize.py::test_sanitize_ast[sample3-expected3],0.002,pass,0.003,failure
git@github.com:dmuhs/mythx-cli,f6b3d20d51ca1cfaed3cd45226bd1074388d42b9,mythx-cli,tests/test_path_sanitize.py::test_sanitize_ast[sample4-expected4],0.001,pass,0.003,failure
git@github.com:dmuhs/mythx-cli,f6b3d20d51ca1cfaed3cd45226bd1074388d42b9,mythx-cli,tests/test_path_sanitize.py::test_sanitize_ast[sample5-expected5],0.002,pass,0.004,failure
git@github.com:drtexx/volux,c41339aceeab4295967ea88b2edd05d0d456b2ce,volux,tests/modules/test_voluxcliprint.py::Test_voluxcliprint::test_adding_module,0.001,pass,0.001,failure
git@github.com:drtexx/volux,c41339aceeab4295967ea88b2edd05d0d456b2ce,volux,tests/test_operator.py::Test_operator::test_add_module,0.001,pass,0.001,failure
git@github.com:drtexx/volux,c41339aceeab4295967ea88b2edd05d0d456b2ce,volux,tests/test_operator.py::Test_operator::test_remove_missing_module,0.001,pass,0.001,failure
git@github.com:drtexx/volux,c41339aceeab4295967ea88b2edd05d0d456b2ce,volux,tests/test_operator.py::Test_operator::test_remove_module,0.001,pass,0.001,failure
git@github.com:duncanmmacleod/gwopensci,06b56ce506fda3af4857c8a1aae7bb60fb1925e9,gwopensci,gwosc/tests/test_datasets.py::test_dataset_type_local,0.001,pass,0.001,failure
git@github.com:earthreader/libearth,71d2f3246eb0b6a3668a64e2242616d20b1d7dcd,libearth,tests/repository_test.py::test_repository[repository0],0.002,pass,0.001,failure
git@github.com:earthreader/libearth,71d2f3246eb0b6a3668a64e2242616d20b1d7dcd,libearth,tests/repository_test.py::test_repository[repository1],0.002,pass,0.001,failure
git@github.com:earthreader/libearth,71d2f3246eb0b6a3668a64e2242616d20b1d7dcd,libearth,tests/stage_test.py::test_set_dir_route,0.009,pass,0.006,failure
git@github.com:epsagon/epsagon-python,b985d8412848f9a0c98e2f15ae0967a6dba3517f,epsagon-python,tests/wrappers/test_python_function.py::test_python_wrapper_python_runner_factory_failed,0.004,pass,0.002,failure
git@github.com:eth-cscs/reframe,576eb3f1dcc015d1e6d7a10602c748d4f810da68,reframe,unittests/test_config.py::test_convert_old_config,0.019,pass,0.017,failure
git@github.com:fifman/tangle,a36cff74d7f09bf8f24a91929b844ea1be7b1bcd,tangle,tests/test_context.py::test_aspect,0.009,pass,0.005,failure
git@github.com:filestack/filestack-python,1bd6749735e5c78dde767e0685ddfdf0cd7423e2,filestack-python,tests/intelligent_ingestion_test.py::test_upload_part_with_resize,0.026,pass,0.032,failure
git@github.com:gdoumenc/coworks,c574654a1e3d1cd4ad56b6f5912631230c37fdf3,coworks,tests/example/test_example.py::TestClass::test_simple_example,0.575,pass,0.466,failure
git@github.com:gdoumenc/coworks,c574654a1e3d1cd4ad56b6f5912631230c37fdf3,coworks,tests/src/cws/test_scons.py::TestClass::test_zip,0.223,pass,0.063,failure
git@github.com:giganticode/dataprep,bb1d3731a39d221f2a037aaadc747a29a5e76c8d,dataprep,tests/infrastructure/test_bperegistry.py::test_none,0.006,pass,0.006,failure
git@github.com:goodmami/penman,e83cf6d006724d72a3e19a955aad94412da912b7,Penman,tests/test_layout.py::test_rearrange,0.002,pass,0.002,failure
git@github.com:grabbles/grabbit,83ff93df36019eaaee9d4e31f816a518e46cae07,grabbit,grabbit/tests/test_core.py::test_merge_layouts[local],0.039,pass,0.039,failure
git@github.com:gradam/lol_api,33ea96f5eeac581737949b733d8af1c4436e94b9,lol_api,tests/test_daemon.py::TestDaemon::test_different_api_key,0.012,pass,0.002,failure
git@github.com:gradam/lol_api,33ea96f5eeac581737949b733d8af1c4436e94b9,lol_api,tests/test_daemon.py::TestDaemon::test_short,0.007,pass,0.002,failure
git@github.com:gwpy/gwosc,06b56ce506fda3af4857c8a1aae7bb60fb1925e9,gwosc,gwosc/tests/test_datasets.py::test_dataset_type_local,0.001,pass,0.001,failure
git@github.com:hbradleyiii/ext_pylib,15a9b5a80db87b5f20e03ef6bfa015acf4bf8543,ext_pylib,tests/files/test_node.py::test_node_get_atts[atts0-{'path' : None{COMMA} 'perms' : None{COMMA} 'owner' : None{COMMA} 'group' : None}],0.001,pass,0.003,failure
git@github.com:hbradleyiii/ext_pylib,15a9b5a80db87b5f20e03ef6bfa015acf4bf8543,ext_pylib,tests/files/test_node.py::test_node_get_atts[atts1-{'path' : '/this/path/file'{COMMA} 'perms' : None{COMMA} 'owner' : None{COMMA} 'group' : None}],0.001,pass,0.002,failure
git@github.com:hbradleyiii/ext_pylib,15a9b5a80db87b5f20e03ef6bfa015acf4bf8543,ext_pylib,tests/files/test_node.py::test_node_get_atts[atts2-{'path' : '/etc/path/file'{COMMA} 'perms' : 0o655{COMMA} 'owner' : None{COMMA} 'group' : None}],0.001,pass,0.002,failure
git@github.com:heavenshell/py-autodoc,001d5ff03d41a5d714075eb08e666c413d50f0ac,autodoc,examples/test_pytest.py::test_post,0.001,pass,0.001,error
git@github.com:hefnawi/json-storage-manager,c7521fc4a576cf23a8c2454106bed6fb8c951b8d,json-storage-manager,tests/test_main.py::test_set_item,0.001,pass,0.001,failure
git@github.com:heilaaks/snippy,904439ca1fc29edc06c48da66e7663e18e0aea99,snippy,tests/test_api_search_reference.py::TestApiSearchReference::test_api_search_reference_012[server0],0.067,pass,0.045,failure
git@github.com:heilaaks/snippy,904439ca1fc29edc06c48da66e7663e18e0aea99,snippy,tests/test_api_search_snippet.py::TestApiSearchSnippet::test_api_search_snippet_016[server0],0.064,pass,0.047,failure
git@github.com:heilaaks/snippy,904439ca1fc29edc06c48da66e7663e18e0aea99,snippy,tests/test_api_search_solution.py::TestApiSearchSolution::test_api_search_solution_016[server0],0.069,pass,0.046,failure
git@github.com:hypoport/python-aws-dataclasses,30bfe90457a83957d10ec18fe7d61439b5b74280,python-aws-dataclasses,tests/test_sns_event.py::test_can_handle_missing_fields,0.001,pass,0.001,failure
git@github.com:irmen/Tale,a2a26443465ab6978b32d9253e833471500e7b68,Tale,tests/test_commands.py::TestCommandDecorators::test_cmd_decorator,0.001,pass,0.001,failure
git@github.com:irmen/Tale,a2a26443465ab6978b32d9253e833471500e7b68,Tale,tests/test_commands.py::TestCommandDecorators::test_no_duplicates,0.001,pass,0.001,failure
git@github.com:j0057/github-release,067d7f1f557e16c4db57696d30732d566e314a45,github-release,tests/test_cli.py::test_cli_arguments[options0-asset-upload-args0],0.005,pass,0.005,failure
git@github.com:j0057/github-release,067d7f1f557e16c4db57696d30732d566e314a45,github-release,tests/test_cli.py::test_cli_arguments[options16-ref-list-args16],0.004,pass,0.005,failure
git@github.com:j0057/github-release,067d7f1f557e16c4db57696d30732d566e314a45,github-release,tests/test_cli.py::test_cli_arguments[options17-ref-list-args17],0.004,pass,0.005,failure
git@github.com:j0057/github-release,067d7f1f557e16c4db57696d30732d566e314a45,github-release,tests/test_cli.py::test_cli_arguments[options18-ref-list-args18],0.004,pass,0.005,failure
git@github.com:j0057/github-release,067d7f1f557e16c4db57696d30732d566e314a45,github-release,tests/test_cli.py::test_cli_arguments[options19-ref-list-args19],0.004,pass,0.005,failure
git@github.com:j0057/github-release,067d7f1f557e16c4db57696d30732d566e314a45,github-release,tests/test_cli.py::test_cli_arguments[options20-release-list-args20],0.003,pass,0.005,failure
git@github.com:j0057/github-release,067d7f1f557e16c4db57696d30732d566e314a45,github-release,tests/test_cli.py::test_cli_arguments[options21-release-info-args21],0.003,pass,0.005,failure
git@github.com:j0057/github-release,067d7f1f557e16c4db57696d30732d566e314a45,github-release,tests/test_cli.py::test_cli_arguments[options3-asset-download-args3],0.003,pass,0.005,failure
git@github.com:j0057/github-release,067d7f1f557e16c4db57696d30732d566e314a45,github-release,tests/test_cli.py::test_cli_arguments[options4-asset-download-args4],0.005,pass,0.006,failure
git@github.com:j0057/github-release,067d7f1f557e16c4db57696d30732d566e314a45,github-release,tests/test_cli.py::test_cli_arguments[options5-asset-download-args5],0.003,pass,0.004,failure
git@github.com:j0057/github-release,067d7f1f557e16c4db57696d30732d566e314a45,github-release,tests/test_cli.py::test_cli_arguments[options6-asset-download-args6],0.003,pass,0.005,failure
git@github.com:jnoortheen/dynamic-conf,42257f06a66765ac4f5de1c6a4637f4db779c5ab,dynamic-conf,tests/test_conf.py::test_singleton,0.002,pass,0.001,failure
git@github.com:joblib/joblib,440b1b899d357a9db6526ca87051a77963b33631,joblib,joblib/test/test_memory.py::test_argument_change,0.006,pass,0.003,failure
git@github.com:joblib/joblib,440b1b899d357a9db6526ca87051a77963b33631,joblib,joblib/test/test_memory.py::test_memory_file_modification,0.115,pass,0.008,failure
git@github.com:joblib/joblib,440b1b899d357a9db6526ca87051a77963b33631,joblib,joblib/test/test_parallel.py::test_memmapping_leaks[loky],0.661,pass,0.109,failure
git@github.com:josiest/geom,d12b381706ee620cba1c6a6cb45ab7815e5a1dc9,geom,test_geom.py::test_epsilon,0.002,pass,0.001,failure
git@github.com:josiest/geom,d12b381706ee620cba1c6a6cb45ab7815e5a1dc9,geom,test_geom.py::test_veceq,0.001,pass,0.002,failure
git@github.com:jounderwood/django-hug,778b16f568ce9fdb01f360b7bff89c9d8b6c2ef7,django-hug,tests/test_settings.py::test_camelcased_response_data_ok,0.002,pass,0.002,failure
git@github.com:jounderwood/django-hug,778b16f568ce9fdb01f360b7bff89c9d8b6c2ef7,django-hug,tests/test_settings.py::test_register_request_formatters_ok,0.002,pass,0.002,failure
git@github.com:jounderwood/django-hug,778b16f568ce9fdb01f360b7bff89c9d8b6c2ef7,django-hug,tests/test_settings.py::test_register_response_formatters_ok,0.002,pass,0.002,failure
git@github.com:jounderwood/django-hug,778b16f568ce9fdb01f360b7bff89c9d8b6c2ef7,django-hug,tests/test_settings.py::test_response_additional_headers_ok,0.002,pass,0.003,failure
git@github.com:june3474/skelpy,0e64eccdc5211dbec664e7d3f9d07c6020651b63,skelpy,tests/test_helpers.py::test_remove_comment_line_in_file,0.002,pass,0.004,failure
git@github.com:june3474/skelpy,0e64eccdc5211dbec664e7d3f9d07c6020651b63,skelpy,tests/test_package.py::test_create_package_dir,0.004,pass,0.003,failure
git@github.com:june3474/skelpy,0e64eccdc5211dbec664e7d3f9d07c6020651b63,skelpy,tests/test_package.py::test_write_init,0.010,pass,0.012,failure
git@github.com:june3474/skelpy,0e64eccdc5211dbec664e7d3f9d07c6020651b63,skelpy,tests/test_test.py::test_create_config_files,0.002,pass,0.002,failure
git@github.com:juntossomosmais/regex4ocr,9f96e9c6fe6ffc3e1452b23103fdfa6a0f1dcede,regex4ocr,tests/integration/test_type_casting.py::test_validate_types_no_removal,0.001,pass,0.006,failure
git@github.com:kellylab/Fireworks,ff027cd8d1b8ce5eec6a37d786e7de675d8c0849,fireworks,fireworks/core/message_test.py::test_Message_set_get,0.016,pass,0.086,failure
git@github.com:kenkundert/engfmt,b908ef69aa7941e561019e24f969703f3234753b,engfmt,test_quantity.py::test_number_recognition,0.016,pass,0.001,failure
git@github.com:kenkundert/engfmt,b908ef69aa7941e561019e24f969703f3234753b,engfmt,test_text_processing.py::test_text_processing,0.001,pass,0.001,failure
git@github.com:kevinarpe/kevinarpe-rambutan3,5d7469912b559338dc15f5c7fb2abc91103ea0c5,kevinarpe-rambutan3,tests/check_args/base/test_RNotNoneTypeMatcher.py::test_check_arg,0.001,pass,0.001,failure
git@github.com:ktnrg45/pyps4-2ndscreen,457dc9c3f04017569d52bae7390ea2fc54e96ce5,pyps4-2ndscreen,tests/test_media_art.py::test_result_item_missing_data,0.001,pass,0.001,failure
git@github.com:ktnrg45/pyps4-homeassistant,457dc9c3f04017569d52bae7390ea2fc54e96ce5,pyps4-homeassistant,tests/test_media_art.py::test_result_item_missing_data,0.001,pass,0.001,failure
git@github.com:mahmoud/lithoxyl,9961553a065a1ad8bb7a2407fe74f2cfd6c79a20,lithoxyl,lithoxyl/tests/test_stats.py::test_acc_random,3.411,pass,3.363,failure
git@github.com:mahmoud/lithoxyl,9961553a065a1ad8bb7a2407fe74f2cfd6c79a20,lithoxyl,lithoxyl/tests/test_stats.py::test_momentacc_norm,0.045,pass,0.047,failure
git@github.com:metachris/logzero,b5d49fc2b118c370994c4ae5360d7c246d43ddc8,logzero,tests/test_logzero.py::test_default_logger_stderr_output,0.009,pass,0.023,failure
git@github.com:metachris/logzero,b5d49fc2b118c370994c4ae5360d7c246d43ddc8,logzero,tests/test_logzero.py::test_write_to_logfile_and_stderr,0.008,pass,0.013,failure
git@github.com:miLibris/flask-rest-jsonapi,b44bc08b11213d49fadae873650d3555889052ec,flask-rest-jsonapi,tests/test_sqlalchemy_data_layer.py::test_api,0.003,pass,0.002,failure
git@github.com:miLibris/flask-rest-jsonapi,b44bc08b11213d49fadae873650d3555889052ec,flask-rest-jsonapi,tests/test_sqlalchemy_data_layer.py::test_api_resources,0.003,pass,0.002,failure
git@github.com:michaelorionmcmanus/tight,34a332dd6096807e373ea8050df4f795411e6b74,tight,tests/unit/providers/aws/clients/test_dynamo_db_unit.py::test_dynamo_db_connect_ci,0.004,pass,0.003,failure
git@github.com:michaelorionmcmanus/tight,34a332dd6096807e373ea8050df4f795411e6b74,tight,tests/unit/providers/aws/clients/test_dynamo_db_unit.py::test_dynamo_db_connect_prod,0.003,pass,0.003,failure
git@github.com:michaelpb/stowage,7c619be755b9b73fd202367bcf9014472f318834,stowage,test/test_stowage.py::TestPathGenerators::test_partially_needed_symlink_walk,0.001,pass,0.001,failure
git@github.com:mnmelo/lazy_import,29c74c83e90adff62d363220fee8cf7d6f0dd3c9,lazy_import,lazy_import/test_lazy.py::test_lazyload[_lazy_test_mLBcbf.mnoGMb.mJmTPS],0.002,pass,0.001,failure
git@github.com:mnmelo/lazy_import,29c74c83e90adff62d363220fee8cf7d6f0dd3c9,lazy_import,lazy_import/test_lazy.py::test_lazyload[_lazy_test_mOhbVr],0.002,pass,0.002,failure
git@github.com:mnmelo/lazy_import,29c74c83e90adff62d363220fee8cf7d6f0dd3c9,lazy_import,lazy_import/test_lazy.py::test_lazyload[_lazy_test_mpoiVg.mRV5If],0.002,pass,0.001,failure
git@github.com:mnmelo/lazy_import,29c74c83e90adff62d363220fee8cf7d6f0dd3c9,lazy_import,lazy_import/test_lazy.py::test_lazyload[sched],0.001,pass,0.001,failure
git@github.com:mozilla/PyPOM,9cb84df9d27b428b4e7423d1bbe6502e92990154,PyPOM,tests/test_driver.py::test_register_driver,0.003,pass,0.001,failure
git@github.com:mtik00/yamicache,1109d08b18be94bdee55e113309f7be29f25d840,yamicache,tests/test_collide.py::test_avoid_collision,0.005,pass,0.004,failure
git@github.com:mtik00/yamicache,1109d08b18be94bdee55e113309f7be29f25d840,yamicache,tests/test_noclass.py::test_main,0.006,pass,0.004,failure
git@github.com:mtik00/yamicache,1109d08b18be94bdee55e113309f7be29f25d840,yamicache,tests/test_serialization.py::test_serialization,0.015,pass,0.010,failure
git@github.com:napalm-automation/napalm,0e23a55f52221e528be66c1f06a141f937e842f7,napalm,test/base/validate/test_unit.py::TestValidate::test__compare_getter_list[src0-dst0-result0],0.001,pass,0.003,failure
git@github.com:napalm-automation/napalm,0e23a55f52221e528be66c1f06a141f937e842f7,napalm,test/base/validate/test_unit.py::TestValidate::test__compare_getter_list[src1-dst1-result1],0.001,pass,0.003,failure
git@github.com:napalm-automation/napalm,0e23a55f52221e528be66c1f06a141f937e842f7,napalm,test/base/validate/test_unit.py::TestValidate::test__compare_getter_list[src10-dst10-result10],0.001,pass,0.002,failure
git@github.com:napalm-automation/napalm,0e23a55f52221e528be66c1f06a141f937e842f7,napalm,test/base/validate/test_unit.py::TestValidate::test__compare_getter_list[src11-dst11-result11],0.001,pass,0.003,failure
git@github.com:napalm-automation/napalm,0e23a55f52221e528be66c1f06a141f937e842f7,napalm,test/base/validate/test_unit.py::TestValidate::test__compare_getter_list[src2-dst2-result2],0.001,pass,0.002,failure
git@github.com:napalm-automation/napalm,0e23a55f52221e528be66c1f06a141f937e842f7,napalm,test/base/validate/test_unit.py::TestValidate::test__compare_getter_list[src23-dst23-result23],0.001,pass,0.002,failure
git@github.com:napalm-automation/napalm,0e23a55f52221e528be66c1f06a141f937e842f7,napalm,test/base/validate/test_unit.py::TestValidate::test__compare_getter_list[src25-dst25-result25],0.001,pass,0.004,failure
git@github.com:napalm-automation/napalm,0e23a55f52221e528be66c1f06a141f937e842f7,napalm,test/base/validate/test_unit.py::TestValidate::test__compare_getter_list[src26-dst26-result26],0.002,pass,0.004,failure
git@github.com:napalm-automation/napalm,0e23a55f52221e528be66c1f06a141f937e842f7,napalm,test/base/validate/test_unit.py::TestValidate::test__compare_getter_list[src3-dst3-result3],0.001,pass,0.003,failure
git@github.com:napalm-automation/napalm,0e23a55f52221e528be66c1f06a141f937e842f7,napalm,test/base/validate/test_unit.py::TestValidate::test__compare_getter_list[src4-dst4-result4],0.001,pass,0.003,failure
git@github.com:napalm-automation/napalm,0e23a55f52221e528be66c1f06a141f937e842f7,napalm,test/base/validate/test_unit.py::TestValidate::test__compare_getter_list[src5-dst5-result5],0.001,pass,0.003,failure
git@github.com:napalm-automation/napalm,0e23a55f52221e528be66c1f06a141f937e842f7,napalm,test/base/validate/test_unit.py::TestValidate::test__compare_getter_list[src6-dst6-result6],0.001,pass,0.003,failure
git@github.com:napalm-automation/napalm,0e23a55f52221e528be66c1f06a141f937e842f7,napalm,test/base/validate/test_unit.py::TestValidate::test__compare_getter_list[src7-dst7-result7],0.001,pass,0.002,failure
git@github.com:napalm-automation/napalm,0e23a55f52221e528be66c1f06a141f937e842f7,napalm,test/base/validate/test_unit.py::TestValidate::test__compare_getter_list[src8-dst8-result8],0.001,pass,0.003,failure
git@github.com:napalm-automation/napalm,0e23a55f52221e528be66c1f06a141f937e842f7,napalm,test/base/validate/test_unit.py::TestValidate::test__compare_getter_list[src9-dst9-result9],0.001,pass,0.003,failure
git@github.com:nficano/pytube,b610f399722e001e99ee88d3673c148d903c5948,pytube,tests/test_streams.py::test_on_progress_hook,0.053,pass,0.044,failure
git@github.com:nilp0inter/threadedprocess,0120d6e795782c9f527397490846cd214d9196e1,threadedprocess,test_threadedprocess.py::test_all_futures_execute_in_parallel_if_possible[EXECUTOR0],1.222,pass,0.001,failure
git@github.com:nilp0inter/threadedprocess,0120d6e795782c9f527397490846cd214d9196e1,threadedprocess,test_threadedprocess.py::test_all_futures_execute_in_parallel_if_possible[EXECUTOR1],1.006,pass,0.001,failure
git@github.com:nilp0inter/threadedprocess,0120d6e795782c9f527397490846cd214d9196e1,threadedprocess,test_threadedprocess.py::test_all_futures_execute_in_parallel_if_possible[EXECUTOR2],1.054,pass,0.001,failure
git@github.com:numberoverzero/bloop,7ee0b0e20935dd0f396e758e7b0c26c76a316338,bloop,tests/unit/test_util.py::test_ordered_iterable[<genexpr>],0.001,pass,0.001,failure
git@github.com:numberoverzero/bloop,7ee0b0e20935dd0f396e758e7b0c26c76a316338,bloop,tests/unit/test_util.py::test_ordered_iterable[it0],0.002,pass,0.002,failure
git@github.com:omersaraf/IOCynergy,1821423680f741d8ca06bcc6a02c8b21156f9ba0,IOCynergy,cynergy/tests/test_life_cycle.py::test_multi,0.001,pass,0.002,failure
git@github.com:oskar456/dzonegit,8f952086aa41aee4ebb7432926ed8c6a9211ac9f,dzonegit,test_dzonegit.py::test_get_head,0.024,pass,0.005,failure
git@github.com:oskar456/dzonegit,8f952086aa41aee4ebb7432926ed8c6a9211ac9f,dzonegit,test_dzonegit.py::test_get_zone_name,0.008,pass,0.004,failure
git@github.com:oskar456/dzonegit,8f952086aa41aee4ebb7432926ed8c6a9211ac9f,dzonegit,test_dzonegit.py::test_post_receive,0.190,pass,0.135,failure
git@github.com:oz123/blogit,15b94969fa43aaf8dc677a8184b144ae8c0f7700,blogit,tests/test_all.py::test_find_new_posts_and_pages,0.458,pass,0.006,failure
git@github.com:oz123/blogit,15b94969fa43aaf8dc677a8184b144ae8c0f7700,blogit,tests/test_all.py::test_tag_post_ids,0.077,pass,0.001,failure
git@github.com:pedrovanzella/do-the-webp,09b372de1c4f1d73d9284517c57c0d869f55144b,do-the-webp,tests/test_compressor.py::test_compress_dir,0.003,pass,0.003,failure
git@github.com:politeauthority/docker-pretty-ps,2fcc9db4e391df2b96ccc2e967b41b6263fdcc2d,docker-pretty-ps,tests/test_dockerprettyps.py::TestDockerPrettyPs::test_give_json,0.001,pass,0.001,failure
git@github.com:popadi/git-profiles,ca20173f63f57c21868c4c49c1e5c515d4bc87fd,git-profiles,tests/test_add_profile.py::TestAddProfile::test_add_profile_no_param,0.019,pass,0.012,failure
git@github.com:prancer-io/cloud-validation-framework,94522590d9881a5125d81da701a65f7f63383c0d,cloud-validation-framework,tests/processor/connector/test_snapshot_azure.py::test_populate_azure_snapshot,0.011,pass,0.002,failure
git@github.com:prymitive/upaas-common,7a7d9ffb385151092c637c3ef500a79623c005ae,upaas-common,tests/test_storage_local.py::test_dir_exists,0.001,pass,0.001,failure
git@github.com:pustotnik/zenmake,6cff05114cea34fc204d9e95422f11dc25cd1228,zenmake,tests/test_waf_assist.py::testUsedWafTaskKeys,0.001,pass,0.002,failure
git@github.com:pwwang/pymedoo,e4fa7572e3f1f0365cdc409042c27324105f9768,pymedoo,tests/test_builder.py::TestBuilder::testUnion[builder0-queries0-SELECT * FROM "t1" UNION SELECT * FROM "t2"],0.001,pass,0.002,failure
git@github.com:pwwang/pymedoo,e4fa7572e3f1f0365cdc409042c27324105f9768,pymedoo,tests/test_builder.py::TestBuilder::testUnion[builder1-queries1-SELECT * FROM "t" UNION ALL SELECT * FROM "t1" UNION SELECT * FROM "t2"],0.001,pass,0.002,failure
git@github.com:pwwang/pymedoo,e4fa7572e3f1f0365cdc409042c27324105f9768,pymedoo,tests/test_builder.py::TestBuilder::test_exists[builder0-query0-SELECT * FROM "t1" EXISTS SELECT * FROM "t2"],0.001,pass,0.002,failure
git@github.com:pwwang/pymedoo,e4fa7572e3f1f0365cdc409042c27324105f9768,pymedoo,tests/test_builder.py::TestBuilder::test_from[tables0-kwargs0],0.001,pass,0.001,failure
git@github.com:pwwang/pymedoo,e4fa7572e3f1f0365cdc409042c27324105f9768,pymedoo,tests/test_builder.py::TestBuilder::test_insert[t-values4-None-None-InsertParseError],0.001,pass,0.001,failure
git@github.com:pwwang/pymedoo,e4fa7572e3f1f0365cdc409042c27324105f9768,pymedoo,tests/test_builder.py::TestBuilder::test_insert[t-values5-None-INSERT INTO "t" SELECT * FROM "t1" UNION ALL SELECT * FROM "t2"-None],0.001,pass,0.002,failure
git@github.com:pwwang/pymedoo,e4fa7572e3f1f0365cdc409042c27324105f9768,pymedoo,tests/test_builder.py::TestBuilder::test_select[fields0-kwargs0],0.002,pass,0.001,failure
git@github.com:pwwang/pymedoo,e4fa7572e3f1f0365cdc409042c27324105f9768,pymedoo,tests/test_builder.py::TestBuilder::test_select[fields1-kwargs1],0.001,pass,0.001,failure
git@github.com:pwwang/pymedoo,e4fa7572e3f1f0365cdc409042c27324105f9768,pymedoo,tests/test_builder.py::TestBuilder::test_select[fields2-kwargs2],0.001,pass,0.001,failure
git@github.com:pwwang/pymedoo,e4fa7572e3f1f0365cdc409042c27324105f9768,pymedoo,tests/test_builder.py::TestBuilder::test_union[builder0-other0-True-SELECT * FROM "t1" UNION ALL SELECT * FROM "t2"],0.001,pass,0.002,failure
git@github.com:pwwang/pymedoo,e4fa7572e3f1f0365cdc409042c27324105f9768,pymedoo,tests/test_builder.py::TestBuilder::test_union[builder1-other1-False-SELECT * FROM "t1" UNION SELECT * FROM "t2"],0.001,pass,0.002,failure
git@github.com:pwwang/pymedoo,e4fa7572e3f1f0365cdc409042c27324105f9768,pymedoo,tests/test_record.py::TestRecord::testDelitem[record0-0],0.001,pass,0.001,failure
git@github.com:pwwang/pymedoo,e4fa7572e3f1f0365cdc409042c27324105f9768,pymedoo,tests/test_record.py::TestRecord::testDelitem[record1-a],0.001,pass,0.001,failure
git@github.com:pwwang/pymedoo,e4fa7572e3f1f0365cdc409042c27324105f9768,pymedoo,tests/test_record.py::TestRecord::testDelitem[record2-b],0.001,pass,0.001,failure
git@github.com:pwwang/pyparam,837291606842b55dd3adfde552ddff2c5adce719,pyparam,tests/test_pyparam.py::test_param_checkout[stacks1-exptwarns1-int:-1],0.001,pass,0.002,failure
git@github.com:pwwang/pyparam,837291606842b55dd3adfde552ddff2c5adce719,pyparam,tests/test_pyparam.py::test_param_checkout[stacks10-exptwarns10-bool:-True],0.001,pass,0.001,failure
git@github.com:pwwang/pyparam,837291606842b55dd3adfde552ddff2c5adce719,pyparam,tests/test_pyparam.py::test_param_checkout[stacks11-exptwarns11-list:-exptval11],0.001,pass,0.001,failure
git@github.com:pwwang/pyparam,837291606842b55dd3adfde552ddff2c5adce719,pyparam,tests/test_pyparam.py::test_param_checkout[stacks12-exptwarns12-dict:-exptval12],0.001,pass,0.001,failure
git@github.com:pwwang/pyparam,837291606842b55dd3adfde552ddff2c5adce719,pyparam,tests/test_pyparam.py::test_param_checkout[stacks13-exptwarns13-verbose:-1],0.001,pass,0.001,failure
git@github.com:pwwang/pyparam,837291606842b55dd3adfde552ddff2c5adce719,pyparam,tests/test_pyparam.py::test_param_checkout[stacks2-exptwarns2-int:-1],0.001,pass,0.002,failure
git@github.com:pwwang/pyparam,837291606842b55dd3adfde552ddff2c5adce719,pyparam,tests/test_pyparam.py::test_param_checkout[stacks3-exptwarns3-list:list-exptval3],0.001,pass,0.002,failure
git@github.com:pwwang/pyparam,837291606842b55dd3adfde552ddff2c5adce719,pyparam,tests/test_pyparam.py::test_param_checkout[stacks4-exptwarns4-list:list-exptval4],0.001,pass,0.002,failure
git@github.com:pwwang/pyparam,837291606842b55dd3adfde552ddff2c5adce719,pyparam,tests/test_pyparam.py::test_param_checkout[stacks5-exptwarns5-list:list-exptval5],0.001,pass,0.002,failure
git@github.com:pwwang/pyparam,837291606842b55dd3adfde552ddff2c5adce719,pyparam,tests/test_pyparam.py::test_param_checkout[stacks6-exptwarns6-str:-a],0.001,pass,0.002,failure
git@github.com:pwwang/pyparam,837291606842b55dd3adfde552ddff2c5adce719,pyparam,tests/test_pyparam.py::test_param_checkout[stacks7-exptwarns7-list:-exptval7],0.001,pass,0.002,failure
git@github.com:pwwang/pyparam,837291606842b55dd3adfde552ddff2c5adce719,pyparam,tests/test_pyparam.py::test_param_checkout[stacks8-exptwarns8-list:-exptval8],0.001,pass,0.002,failure
git@github.com:pwwang/pyparam,837291606842b55dd3adfde552ddff2c5adce719,pyparam,tests/test_pyparam.py::test_param_checkout[stacks9-exptwarns9-list:-exptval9],0.001,pass,0.001,failure
git@github.com:pwwang/python-varname,529a90b6e8bc090117ba617424abb9e1a2d0c002,python-varname,tests/test_varname.py::test_unusual,0.054,pass,0.002,failure
git@github.com:pypyr-scheduler/pypyr-scheduler,511841de41eec03e847f8519f6192fc71d65dec3,pypyr-scheduler,tests/test_server.py::TestServer::test_authkey_no_env,0.002,pass,0.002,failure
git@github.com:python-dugong/python-dugong,00dd4d5aab6eddb116cace2829a9f93bda153664,python-dugong,test/test_aio.py::test_aio_future,3.018,pass,0.008,failure
git@github.com:python-odin/odinweb,198424133584acc18cb41c8d18d91f803abc810f,odinweb,tests/test_data_structures.py::TestMultiDict::test_get_list[getlist-args0-expected0],0.001,pass,0.002,failure
git@github.com:python-odin/odinweb,198424133584acc18cb41c8d18d91f803abc810f,odinweb,tests/test_data_structures.py::TestMultiDict::test_get_list[getlist-args2-expected2],0.001,pass,0.001,failure
git@github.com:python-odin/odinweb,198424133584acc18cb41c8d18d91f803abc810f,odinweb,tests/test_data_structures.py::TestMultiDict::test_get_list[items-args6-expected6],0.001,pass,0.002,failure
git@github.com:python-odin/odinweb,198424133584acc18cb41c8d18d91f803abc810f,odinweb,tests/test_data_structures.py::TestMultiDict::test_get_list[items-args7-expected7],0.001,pass,0.001,failure
git@github.com:python-odin/odinweb,198424133584acc18cb41c8d18d91f803abc810f,odinweb,tests/test_data_structures.py::TestMultiDict::test_get_list[lists-args10-expected10],0.001,pass,0.001,failure
git@github.com:python-odin/odinweb,198424133584acc18cb41c8d18d91f803abc810f,odinweb,tests/test_data_structures.py::TestMultiDict::test_get_list[setlistdefault-args4-expected4],0.001,pass,0.002,failure
git@github.com:python-odin/odinweb,198424133584acc18cb41c8d18d91f803abc810f,odinweb,tests/test_data_structures.py::TestMultiDict::test_get_list[setlistdefault-args5-expected5],0.001,pass,0.001,failure
git@github.com:python-odin/odinweb,198424133584acc18cb41c8d18d91f803abc810f,odinweb,tests/test_data_structures.py::TestMultiDict::test_get_list[sorteditems-args8-expected8],0.001,pass,0.001,failure
git@github.com:python-odin/odinweb,198424133584acc18cb41c8d18d91f803abc810f,odinweb,tests/test_data_structures.py::TestMultiDict::test_get_list[sorteditems-args9-expected9],0.001,pass,0.001,failure
git@github.com:python-odin/odinweb,198424133584acc18cb41c8d18d91f803abc810f,odinweb,tests/test_data_structures.py::TestMultiDict::test_get_list[valuelists-args13-expected13],0.001,pass,0.001,failure
git@github.com:python-odin/odinweb,198424133584acc18cb41c8d18d91f803abc810f,odinweb,tests/test_data_structures.py::TestMultiDict::test_get_list[values-args11-expected11],0.001,pass,0.001,failure
git@github.com:python-odin/odinweb,198424133584acc18cb41c8d18d91f803abc810f,odinweb,tests/test_data_structures.py::TestMultiDict::test_get_list[values-args12-expected12],0.001,pass,0.001,failure
git@github.com:qiyangduan/schemaindex,83bfb96c78d194370b068e11f89a9e4d6af48a46,schemaindex,test/test_plugin_mysql_hdfs.py::test_plugin_hdfs_add,0.015,pass,0.001,failure
git@github.com:qiyangduan/schemaindex,83bfb96c78d194370b068e11f89a9e4d6af48a46,schemaindex,test/test_plugin_mysql_hdfs.py::test_plugin_loading,0.204,pass,0.003,failure
git@github.com:qiyangduan/schemaindex,83bfb96c78d194370b068e11f89a9e4d6af48a46,schemaindex,test/test_plugin_mysql_hdfs.py::test_plugin_mysql_add,0.024,pass,0.001,failure
git@github.com:raamana/pyradigm,01d47cf34a9af4bb104e2891559059a522221b4d,pyradigm,pyradigm/tests/test_BaseDataset_common_behaviours.py::test_sanity_checks,0.010,pass,0.004,failure
git@github.com:rorymurdock/basic_auth,622f2133c13988cec549f4ea55bed14e50f90876,basic_auth,tests/test_basic.py::test_check_config_dir,0.001,pass,0.001,failure
git@github.com:saabeilin/kafkian,79eb88b874876632590fea48afcab09592c717dd,kafkian,tests/unit/test_consumer_errors.py::test_consumer_generator_raises_and_closed_on_error,0.002,pass,0.001,failure
git@github.com:samuelduchesne/pyTrnsysType,6cf552e4ccd66f7b728e84654e580befe2061114,pyTrnsysType,tests/test_xml.py::TestTrnsysModel::test_connect_eqcollection_to_type,0.020,pass,0.002,failure
git@github.com:samuelduchesne/pyTrnsysType,6cf552e4ccd66f7b728e84654e580befe2061114,pyTrnsysType,tests/test_xml.py::TestTrnsysModel::test_copy_trnsys_model,0.012,pass,0.011,failure
git@github.com:samuelduchesne/pyTrnsysType,6cf552e4ccd66f7b728e84654e580befe2061114,pyTrnsysType,tests/test_xml.py::TestTrnsysModel::test_cycles_2,0.043,pass,0.005,failure
git@github.com:santoshphilip/eppy,98e58583dce6c0fcec9c7b1ff1142bae0a67ddc7,eppy,eppy/tests/EPlusInterfaceFunctions_tests/test_iddgroups.py::test_group2commlst,0.001,pass,0.002,failure
git@github.com:santoshphilip/eppy,98e58583dce6c0fcec9c7b1ff1142bae0a67ddc7,eppy,eppy/tests/test_examples.py::test_addobject,0.001,pass,0.001,failure
git@github.com:santoshphilip/eppy,98e58583dce6c0fcec9c7b1ff1142bae0a67ddc7,eppy,eppy/tests/test_examples.py::test_pythonic,0.001,pass,0.001,failure
git@github.com:santoshphilip/eppy,98e58583dce6c0fcec9c7b1ff1142bae0a67ddc7,eppy,eppy/tests/test_idfreader.py::test_convertallfields,0.809,pass,0.001,failure
git@github.com:seanbreckenridge/keepassxc-pwned,aead83c1749b62006a28526905d8fee5cd2ae902,keepassxc-pwned,tests/test_user_input.py::test_user_input_password_not_found,0.013,pass,0.008,failure
git@github.com:seanpar203/event-bus,5353d6472926a299ab4f3a8c33114a725d5b7639,event-bus,tests/test_event_emit.py::test_event_emit,0.003,pass,0.005,failure
git@github.com:seanpar203/event-bus,5353d6472926a299ab4f3a8c33114a725d5b7639,event-bus,tests/test_subscribed_removal.py::test_suscribed_event_was_removed,0.000,pass,0.000,failure
git@github.com:sjoerdk/anonapi,5e70dfd9fcb7dcc4e2345a6a153d9530f4886e73,anonapi,tests/test_cli_create.py::test_job_parameter_set,0.003,pass,0.003,failure
git@github.com:solegalli/feature_engine,ba4d7050b3923d620c1773b66cd4c51ed24498dd,feature_engine,tests/test_missing_data_imputer.py::test_CategoricalVariableImputer,0.058,pass,0.007,failure
git@github.com:solegalli/feature_engine,ba4d7050b3923d620c1773b66cd4c51ed24498dd,feature_engine,tests/test_missing_data_imputer.py::test_RandomSampleImputer,0.079,pass,0.017,failure
git@github.com:spulec/freezegun,b46da782a7a051081fd51577749cfc0074db0cc6,freezegun,tests/test_class_import.py::test_import_after_start,0.011,pass,0.012,failure
git@github.com:stateya/m3u-dump,1ec3eeedb4c650af76c6c66859375ca2d2a6e1bc,m3u-dump,tests/test_m3u_dump.py::test_command_line_already_playlist,0.005,pass,0.001,failure
git@github.com:stephen1000/enpyronments,0848c55a2a1b132b3beba94265c103ba49385c8f,enpyronments,tests/test_settings.py::test_delitem[0-0.0],0.001,pass,0.001,failure
git@github.com:stephen1000/enpyronments,0848c55a2a1b132b3beba94265c103ba49385c8f,enpyronments,tests/test_settings.py::test_delitem[0-0],0.001,pass,0.001,failure
git@github.com:stephen1000/enpyronments,0848c55a2a1b132b3beba94265c103ba49385c8f,enpyronments,tests/test_settings.py::test_delitem[0-1],0.001,pass,0.001,failure
git@github.com:stephen1000/enpyronments,0848c55a2a1b132b3beba94265c103ba49385c8f,enpyronments,tests/test_settings.py::test_delitem[0-None],0.001,pass,0.001,failure
git@github.com:stephen1000/enpyronments,0848c55a2a1b132b3beba94265c103ba49385c8f,enpyronments,tests/test_settings.py::test_delitem[0-func],0.001,pass,0.001,failure
git@github.com:stephen1000/enpyronments,0848c55a2a1b132b3beba94265c103ba49385c8f,enpyronments,tests/test_settings.py::test_delitem[0-test_value10],0.001,pass,0.001,failure
git@github.com:stephen1000/enpyronments,0848c55a2a1b132b3beba94265c103ba49385c8f,enpyronments,tests/test_settings.py::test_delitem[0-test_value11],0.001,pass,0.001,failure
git@github.com:stephen1000/enpyronments,0848c55a2a1b132b3beba94265c103ba49385c8f,enpyronments,tests/test_settings.py::test_delitem[0-test_value12],0.001,pass,0.001,failure
git@github.com:stephen1000/enpyronments,0848c55a2a1b132b3beba94265c103ba49385c8f,enpyronments,tests/test_settings.py::test_delitem[0-test_value13],0.001,pass,0.001,failure
git@github.com:stephen1000/enpyronments,0848c55a2a1b132b3beba94265c103ba49385c8f,enpyronments,tests/test_settings.py::test_delitem[0-test_value14],0.001,pass,0.001,failure
git@github.com:stephen1000/enpyronments,0848c55a2a1b132b3beba94265c103ba49385c8f,enpyronments,tests/test_settings.py::test_delitem[0-test_value15],0.001,pass,0.001,failure
git@github.com:stephen1000/enpyronments,0848c55a2a1b132b3beba94265c103ba49385c8f,enpyronments,tests/test_settings.py::test_delitem[0-test_value16],0.001,pass,0.001,failure
git@github.com:stephen1000/enpyronments,0848c55a2a1b132b3beba94265c103ba49385c8f,enpyronments,tests/test_settings.py::test_delitem[0-test_value17],0.001,pass,0.001,failure
git@github.com:stephen1000/enpyronments,0848c55a2a1b132b3beba94265c103ba49385c8f,enpyronments,tests/test_settings.py::test_delitem[0-test_value18],0.001,pass,0.001,failure
git@github.com:stephen1000/enpyronments,0848c55a2a1b132b3beba94265c103ba49385c8f,enpyronments,tests/test_settings.py::test_delitem[0-test_value19],0.001,pass,0.001,failure
git@github.com:stephen1000/enpyronments,0848c55a2a1b132b3beba94265c103ba49385c8f,enpyronments,tests/test_settings.py::test_delitem[0-test_value4],0.001,pass,0.001,failure
git@github.com:stephen1000/enpyronments,0848c55a2a1b132b3beba94265c103ba49385c8f,enpyronments,tests/test_settings.py::test_delitem[0-test_value5],0.001,pass,0.001,failure
git@github.com:stephen1000/enpyronments,0848c55a2a1b132b3beba94265c103ba49385c8f,enpyronments,tests/test_settings.py::test_delitem[0-test_value6],0.001,pass,0.001,failure
git@github.com:stephen1000/enpyronments,0848c55a2a1b132b3beba94265c103ba49385c8f,enpyronments,tests/test_settings.py::test_delitem[0-test_value8],0.001,pass,0.001,failure
git@github.com:stephen1000/enpyronments,0848c55a2a1b132b3beba94265c103ba49385c8f,enpyronments,tests/test_settings.py::test_delitem[1-0.0],0.001,pass,0.001,failure
git@github.com:stephen1000/enpyronments,0848c55a2a1b132b3beba94265c103ba49385c8f,enpyronments,tests/test_settings.py::test_delitem[1-0],0.001,pass,0.001,failure
git@github.com:stephen1000/enpyronments,0848c55a2a1b132b3beba94265c103ba49385c8f,enpyronments,tests/test_settings.py::test_delitem[1-1],0.001,pass,0.001,failure
git@github.com:stephen1000/enpyronments,0848c55a2a1b132b3beba94265c103ba49385c8f,enpyronments,tests/test_settings.py::test_delitem[1-None],0.001,pass,0.001,failure
git@github.com:stephen1000/enpyronments,0848c55a2a1b132b3beba94265c103ba49385c8f,enpyronments,tests/test_settings.py::test_delitem[1-func],0.001,pass,0.001,failure
git@github.com:stephen1000/enpyronments,0848c55a2a1b132b3beba94265c103ba49385c8f,enpyronments,tests/test_settings.py::test_delitem[1-test_value10],0.001,pass,0.001,failure
git@github.com:stephen1000/enpyronments,0848c55a2a1b132b3beba94265c103ba49385c8f,enpyronments,tests/test_settings.py::test_delitem[1-test_value11],0.001,pass,0.001,failure
git@github.com:stephen1000/enpyronments,0848c55a2a1b132b3beba94265c103ba49385c8f,enpyronments,tests/test_settings.py::test_delitem[1-test_value12],0.001,pass,0.001,failure
git@github.com:stephen1000/enpyronments,0848c55a2a1b132b3beba94265c103ba49385c8f,enpyronments,tests/test_settings.py::test_delitem[1-test_value13],0.001,pass,0.001,failure
git@github.com:stephen1000/enpyronments,0848c55a2a1b132b3beba94265c103ba49385c8f,enpyronments,tests/test_settings.py::test_delitem[1-test_value14],0.001,pass,0.001,failure
git@github.com:stephen1000/enpyronments,0848c55a2a1b132b3beba94265c103ba49385c8f,enpyronments,tests/test_settings.py::test_delitem[1-test_value15],0.001,pass,0.001,failure
git@github.com:stephen1000/enpyronments,0848c55a2a1b132b3beba94265c103ba49385c8f,enpyronments,tests/test_settings.py::test_delitem[1-test_value16],0.001,pass,0.001,failure
git@github.com:stephen1000/enpyronments,0848c55a2a1b132b3beba94265c103ba49385c8f,enpyronments,tests/test_settings.py::test_delitem[1-test_value17],0.001,pass,0.001,failure
git@github.com:stephen1000/enpyronments,0848c55a2a1b132b3beba94265c103ba49385c8f,enpyronments,tests/test_settings.py::test_delitem[1-test_value18],0.001,pass,0.001,failure
git@github.com:stephen1000/enpyronments,0848c55a2a1b132b3beba94265c103ba49385c8f,enpyronments,tests/test_settings.py::test_delitem[1-test_value19],0.001,pass,0.001,failure
git@github.com:stephen1000/enpyronments,0848c55a2a1b132b3beba94265c103ba49385c8f,enpyronments,tests/test_settings.py::test_delitem[1-test_value4],0.001,pass,0.001,failure
git@github.com:stephen1000/enpyronments,0848c55a2a1b132b3beba94265c103ba49385c8f,enpyronments,tests/test_settings.py::test_delitem[1-test_value5],0.001,pass,0.001,failure
git@github.com:stephen1000/enpyronments,0848c55a2a1b132b3beba94265c103ba49385c8f,enpyronments,tests/test_settings.py::test_delitem[1-test_value6],0.001,pass,0.001,failure
git@github.com:stephen1000/enpyronments,0848c55a2a1b132b3beba94265c103ba49385c8f,enpyronments,tests/test_settings.py::test_delitem[1-test_value8],0.001,pass,0.001,failure
git@github.com:stephen1000/enpyronments,0848c55a2a1b132b3beba94265c103ba49385c8f,enpyronments,tests/test_settings.py::test_delitem[2-0.0],0.001,pass,0.001,failure
git@github.com:stephen1000/enpyronments,0848c55a2a1b132b3beba94265c103ba49385c8f,enpyronments,tests/test_settings.py::test_delitem[2-0],0.001,pass,0.001,failure
git@github.com:stephen1000/enpyronments,0848c55a2a1b132b3beba94265c103ba49385c8f,enpyronments,tests/test_settings.py::test_delitem[2-1],0.001,pass,0.001,failure
git@github.com:stephen1000/enpyronments,0848c55a2a1b132b3beba94265c103ba49385c8f,enpyronments,tests/test_settings.py::test_delitem[2-None],0.001,pass,0.001,failure
git@github.com:stephen1000/enpyronments,0848c55a2a1b132b3beba94265c103ba49385c8f,enpyronments,tests/test_settings.py::test_delitem[2-func],0.001,pass,0.001,failure
git@github.com:stephen1000/enpyronments,0848c55a2a1b132b3beba94265c103ba49385c8f,enpyronments,tests/test_settings.py::test_delitem[2-test_value10],0.001,pass,0.001,failure
git@github.com:stephen1000/enpyronments,0848c55a2a1b132b3beba94265c103ba49385c8f,enpyronments,tests/test_settings.py::test_delitem[2-test_value11],0.001,pass,0.001,failure
git@github.com:stephen1000/enpyronments,0848c55a2a1b132b3beba94265c103ba49385c8f,enpyronments,tests/test_settings.py::test_delitem[2-test_value12],0.001,pass,0.001,failure
git@github.com:stephen1000/enpyronments,0848c55a2a1b132b3beba94265c103ba49385c8f,enpyronments,tests/test_settings.py::test_delitem[2-test_value13],0.001,pass,0.001,failure
git@github.com:stephen1000/enpyronments,0848c55a2a1b132b3beba94265c103ba49385c8f,enpyronments,tests/test_settings.py::test_delitem[2-test_value14],0.001,pass,0.001,failure
git@github.com:stephen1000/enpyronments,0848c55a2a1b132b3beba94265c103ba49385c8f,enpyronments,tests/test_settings.py::test_delitem[2-test_value15],0.001,pass,0.001,failure
git@github.com:stephen1000/enpyronments,0848c55a2a1b132b3beba94265c103ba49385c8f,enpyronments,tests/test_settings.py::test_delitem[2-test_value16],0.001,pass,0.001,failure
git@github.com:stephen1000/enpyronments,0848c55a2a1b132b3beba94265c103ba49385c8f,enpyronments,tests/test_settings.py::test_delitem[2-test_value17],0.001,pass,0.001,failure
git@github.com:stephen1000/enpyronments,0848c55a2a1b132b3beba94265c103ba49385c8f,enpyronments,tests/test_settings.py::test_delitem[2-test_value18],0.001,pass,0.001,failure
git@github.com:stephen1000/enpyronments,0848c55a2a1b132b3beba94265c103ba49385c8f,enpyronments,tests/test_settings.py::test_delitem[2-test_value19],0.001,pass,0.001,failure
git@github.com:stephen1000/enpyronments,0848c55a2a1b132b3beba94265c103ba49385c8f,enpyronments,tests/test_settings.py::test_delitem[2-test_value4],0.001,pass,0.001,failure
git@github.com:stephen1000/enpyronments,0848c55a2a1b132b3beba94265c103ba49385c8f,enpyronments,tests/test_settings.py::test_delitem[2-test_value5],0.001,pass,0.001,failure
git@github.com:stephen1000/enpyronments,0848c55a2a1b132b3beba94265c103ba49385c8f,enpyronments,tests/test_settings.py::test_delitem[2-test_value6],0.002,pass,0.001,failure
git@github.com:stephen1000/enpyronments,0848c55a2a1b132b3beba94265c103ba49385c8f,enpyronments,tests/test_settings.py::test_delitem[2-test_value8],0.001,pass,0.001,failure
git@github.com:stfc/fparser,4be91d2e1078fa5588e84a3299131f297afba675,fparser,src/fparser/one/tests/test_parsefortran.py::test_log_cache,0.001,pass,0.002,failure
git@github.com:stfc/fparser,4be91d2e1078fa5588e84a3299131f297afba675,fparser,src/fparser/one/tests/test_parsefortran.py::test_log_empty,0.001,pass,0.003,failure
git@github.com:stfc/fparser,4be91d2e1078fa5588e84a3299131f297afba675,fparser,src/fparser/one/tests/test_parsefortran.py::test_log_failure,0.002,pass,0.002,failure
git@github.com:sttlr/spacedr,543f0d4dcdac4298a6c19145cd085322103c30d6,spacedr,tests/test_spacedr.py::test_create_card[1-1-meaning of life-answers0-examples0-other0],0.013,pass,0.004,failure
git@github.com:sttlr/spacedr,543f0d4dcdac4298a6c19145cd085322103c30d6,spacedr,tests/test_spacedr.py::test_create_card[1-2-nothing else than 0-answers1-examples1-other1],0.010,pass,0.004,failure
git@github.com:sttlr/spacedr,543f0d4dcdac4298a6c19145cd085322103c30d6,spacedr,tests/test_spacedr.py::test_create_card[1-3-just third-answers2-examples2-other2],0.011,pass,0.004,failure
git@github.com:sttlr/spacedr,543f0d4dcdac4298a6c19145cd085322103c30d6,spacedr,tests/test_spacedr.py::test_create_card[1-4-only thing you need to know-answers3-examples3-other3],0.011,pass,0.004,failure
git@github.com:sttlr/spacedr,543f0d4dcdac4298a6c19145cd085322103c30d6,spacedr,tests/test_spacedr.py::test_create_card[1-5-five.-answers4-examples4-other4],0.010,pass,0.004,failure
git@github.com:sttlr/spacedr,543f0d4dcdac4298a6c19145cd085322103c30d6,spacedr,tests/test_spacedr.py::test_delete_card[3],0.008,pass,0.004,failure
git@github.com:sttlr/spacedr,543f0d4dcdac4298a6c19145cd085322103c30d6,spacedr,tests/test_spacedr.py::test_delete_deck[2],0.013,pass,0.002,failure
git@github.com:sushobhit27/multiindex,b631e60bd47558eca9067a0dc87f0e713cddc6f2,multiindex,multiindex/tests/test_multiindex.py::test_insert_overwrite,0.001,pass,0.002,failure
git@github.com:sushobhit27/multiindex,b631e60bd47558eca9067a0dc87f0e713cddc6f2,multiindex,multiindex/tests/test_multiindex.py::test_modify,0.001,pass,0.001,failure
git@github.com:sushobhit27/multiindex,b631e60bd47558eca9067a0dc87f0e713cddc6f2,multiindex,multiindex/tests/test_multiindex.py::test_remove,0.001,pass,0.001,failure
git@github.com:sushobhit27/multiindex,b631e60bd47558eca9067a0dc87f0e713cddc6f2,multiindex,multiindex/tests/test_multiindex_hashed_non_unique.py::test_modify,0.001,pass,0.001,failure
git@github.com:sushobhit27/multiindex,b631e60bd47558eca9067a0dc87f0e713cddc6f2,multiindex,multiindex/tests/test_multiindex_hashed_non_unique.py::test_remove,0.001,pass,0.002,failure
git@github.com:teamhide/pythondi,913e6a60fc5d02c3db385ad322f970ecec36969b,pythondi,tests/test_configure.py::test_configure,0.002,pass,0.001,failure
git@github.com:thesimj/envyaml,79a220cabb69d71397310d941de205610cf5e4cb,envyaml,tests/test_envyaml.py::test_it_should_not_fail_when_try_load_non_exist_default_file,0.006,pass,0.001,failure
git@github.com:thundra-io/thundra-lambda-agent-python,fcd1c2b0b309721d89bd35511bd6645ebd62a5bc,thundra-lambda-agent-python,tests/plugins/log/test_log_plugin.py::test_log_plugin_with_initialization,0.001,pass,0.002,failure
git@github.com:thundra-io/thundra-lambda-agent-python,fcd1c2b0b309721d89bd35511bd6645ebd62a5bc,thundra-lambda-agent-python,tests/plugins/trace/test_traceable.py::test_trace_args,0.001,pass,0.001,failure
git@github.com:thundra-io/thundra-lambda-agent-python,fcd1c2b0b309721d89bd35511bd6645ebd62a5bc,thundra-lambda-agent-python,tests/plugins/trace/test_traceable.py::test_trace_error,0.002,pass,0.001,failure
git@github.com:thundra-io/thundra-lambda-agent-python,fcd1c2b0b309721d89bd35511bd6645ebd62a5bc,thundra-lambda-agent-python,tests/plugins/trace/test_traceable.py::test_trace_return_values,0.001,pass,0.002,failure
git@github.com:thundra-io/thundra-lambda-agent-python,fcd1c2b0b309721d89bd35511bd6645ebd62a5bc,thundra-lambda-agent-python,tests/plugins/trace/test_traceable.py::test_trace_with_default_configs,0.001,pass,0.002,failure
git@github.com:tim-fi/pyecs,5cc3645e3ee0bc0af02aea438092f00910976ec6,pyecs,test/test_core.py::test_automatic_cleanup,0.001,pass,0.003,failure
git@github.com:tim-fi/pyecs,5cc3645e3ee0bc0af02aea438092f00910976ec6,pyecs,test/test_core.py::test_controller,0.010,pass,0.001,failure
git@github.com:tmurph/todo-sync,32915e9a1509aa2c4083613e256cb0d502c441aa,todo-sync,tests/test_asana.py::test_source_get_all_items_result[asana_source14-expected14],0.001,pass,0.001,failure
git@github.com:tmurph/todo-sync,32915e9a1509aa2c4083613e256cb0d502c441aa,todo-sync,tests/test_asana.py::test_source_get_all_items_result[asana_source6-expected6],0.001,pass,0.002,failure
git@github.com:tmurph/todo-sync,32915e9a1509aa2c4083613e256cb0d502c441aa,todo-sync,tests/test_asana.py::test_source_get_all_items_result[asana_source9-expected9],0.002,pass,0.002,failure
git@github.com:tmurph/todo-sync,32915e9a1509aa2c4083613e256cb0d502c441aa,todo-sync,tests/test_node.py::test_node_delete[parent_node0-0-expected_node0],0.001,pass,0.001,failure
git@github.com:tmurph/todo-sync,32915e9a1509aa2c4083613e256cb0d502c441aa,todo-sync,tests/test_node.py::test_node_delete[parent_node1-0-expected_node1],0.001,pass,0.001,failure
git@github.com:tmurph/todo-sync,32915e9a1509aa2c4083613e256cb0d502c441aa,todo-sync,tests/test_node.py::test_node_insert_as_child[parent_node0-None-child_node0-expected_node0],0.001,pass,0.001,failure
git@github.com:tmurph/todo-sync,32915e9a1509aa2c4083613e256cb0d502c441aa,todo-sync,tests/test_node.py::test_node_insert_as_child[parent_node1-None-child_node1-expected_node1],0.001,pass,0.001,failure
git@github.com:tmurph/todo-sync,32915e9a1509aa2c4083613e256cb0d502c441aa,todo-sync,tests/test_node.py::test_node_insert_as_child[parent_node2-2-child_node2-expected_node2],0.001,pass,0.001,failure
git@github.com:tmurph/todo-sync,32915e9a1509aa2c4083613e256cb0d502c441aa,todo-sync,tests/test_org.py::test_source_get_all_items_result[org_source0-expected0],0.001,pass,0.001,failure
git@github.com:tmurph/todo-sync,32915e9a1509aa2c4083613e256cb0d502c441aa,todo-sync,tests/test_org.py::test_source_get_all_items_result[org_source1-expected1],0.002,pass,0.001,failure
git@github.com:tmurph/todo-sync,32915e9a1509aa2c4083613e256cb0d502c441aa,todo-sync,tests/test_org.py::test_source_get_all_items_result[org_source2-expected2],0.001,pass,0.001,failure
git@github.com:tmurph/todo-sync,32915e9a1509aa2c4083613e256cb0d502c441aa,todo-sync,tests/test_org.py::test_source_get_all_items_result[org_source3-expected3],0.001,pass,0.001,failure
git@github.com:tmurph/todo-sync,32915e9a1509aa2c4083613e256cb0d502c441aa,todo-sync,tests/test_org.py::test_source_get_all_items_result[org_source4-expected4],0.002,pass,0.001,failure
git@github.com:tmurph/todo-sync,32915e9a1509aa2c4083613e256cb0d502c441aa,todo-sync,tests/test_org.py::test_source_get_all_items_result[org_source5-expected5],0.001,pass,0.001,failure
git@github.com:tmurph/todo-sync,32915e9a1509aa2c4083613e256cb0d502c441aa,todo-sync,tests/test_org.py::test_source_get_all_items_result[org_source6-expected6],0.001,pass,0.001,failure
git@github.com:tukiains/cloudnetpy,26f2607b890630146469cfa410fce99438ceee3f,cloudnetpy,tests/unit/test_meta_for_old_files.py::test_fix_old_data_2,0.003,pass,0.004,failure
git@github.com:vkbo/novelWriter,559f2e53e410f9793ab08c2ef7ed308f75c92985,novelWriter,tests/test_project.py::testProjectNewCustom,0.011,pass,0.001,failure
git@github.com:vkbo/novelWriter,559f2e53e410f9793ab08c2ef7ed308f75c92985,novelWriter,tests/test_project.py::testProjectNewMinimal,0.125,pass,0.116,failure
git@github.com:vkbo/novelWriter,559f2e53e410f9793ab08c2ef7ed308f75c92985,novelWriter,tests/test_project.py::testProjectOpen,0.004,pass,0.001,failure
git@github.com:wilfredinni/coo,da9e75d46ed65599cd2223b029ac30c08496a80b,coo,tests/test_coo.py::test_schedule_time_zone_media,0.003,pass,0.001,failure
git@github.com:wilfredinni/marlin,85f4ae0080ee9a25c1b8d2e481725ac9c42ca99f,marlin-bookmark,tests/test_marlin.py::test_remove_bookmark,0.001,pass,0.001,failure
git@github.com:willsheffler/homog,5b49902ff3dea972f2c466abe7937546b50ee9f1,homog,homog/tests/test_homog.py::test_line_line_closest_points,0.006,pass,0.012,failure
git@github.com:ylaizet/alphanum_code,fb5cd313dc41f046aac01ff01d6e1561d17894a6,alphanum-code,tests/test_alphanum_code.py::test_init_code,0.027,pass,0.006,failure
git@github.com:zdhoward/aud,2dfc81dad3da78537e1b1c6f5cc5630ba5b837f9,aud,aud/test_aud.py::test_dir,0.185,pass,1.098,failure
git@github.com:zdhoward/aud,2dfc81dad3da78537e1b1c6f5cc5630ba5b837f9,aud,aud/test_aud.py::test_name,0.002,pass,0.002,failure
git@github.com:zerotosingularity/pdl,fd39c391101b3fe315631565a0f4eb7c99890789,pdl,tests/test_pdl.py::test_no_archive_url,0.005,pass,0.001,failure
